alp,Kd,ksorp,f,kvol,kdiff,kbulk,kbios,X1
1.7682201027195,11.1348327927571,0.09378192315573,0.747449322486669,0.000326196288741453,0.00177146273924119,1.22311431085358,0.0432624714441473,7.44281299914244
0.775769649422728,47.9337181174941,0.126632316234594,0.733580958280712,0.000221218937291096,0.00309969226436203,0.820537042262226,0.0288937496719734,1309.73975633075
1.36764999223175,46.0319431500137,0.0780802375454472,0.503400437727943,0.000201877933128477,0.00468637124516036,0.932943885174085,0.0603163884649889,582.069202675388
1.82741673457483,90.6317455049418,0.0597025376841788,0.201518971993774,0.00028775556096573,0.00508617057983152,1.21319665539523,0.0245268969044121,435.120641259439
1.76535118983034,23.9346846730262,0.0170908414056765,0.424176252452098,0.000133445383115183,0.00204242901961349,2.15611918369994,0.0296423284071088,1.27545161210138
1.70956646838831,83.9245362298936,0.110536809733438,0.457154481289536,0.000379935708813817,0.00236211685150897,0.900139104857411,0.0728553518705164,687.997106552881
0.85780162091041,74.6999007113371,0.131201322075019,0.855123453776259,0.000175980848332317,0.00457118832392901,1.86836857985836,0.044400092737524,152.114813002889
1.00619595173653,60.5964974670112,0.0268388014061567,0.663456566561013,0.000342130510354218,0.00352319914575924,0.257941779999133,0.0278612185464359,5968.61931143455
0.965449078473728,71.4506972899567,0.0178514024173486,0.808255552929174,0.000189776125579991,0.00492937458444538,1.18671129599058,0.0426029787183074,503.215639920036
1.45816703537013,82.6038628229871,0.105797396707507,0.933846537915245,0.000173027741912949,0.00151848101389483,1.06810316764492,0.0446598469812565,608.75409847821
1.50982905716682,13.199244331317,0.0133282094237688,0.334788433237746,0.000260447417156653,0.0024537393161483,1.4032148953352,0.0207187949355009,0.225832468334075
0.84082504430972,17.507997844005,0.0636336039304556,0.728820222390257,0.000248425669146347,0.00180121360986639,2.30821712718307,0.0708367137474552,1.89834591487307
1.23852041731542,75.2875400656089,0.115926880655737,0.261397469029576,0.000361428003449039,0.00413350911554827,2.26286218529367,0.0518632126691452,9.67631235038165
1.64452517713327,97.5302064090129,0.0181778951876284,0.956905751274619,0.000343442913372372,0.00259892114473235,2.32544554274877,0.0638544966980347,78.632239776547
1.55357266172906,55.4505370778218,0.0378201055093803,0.293163749651238,0.000251700810561481,0.0014277535786362,1.842998719346,0.0619296014862647,9.0489823269987
1.79192359830812,33.8840503644105,0.0604885229832334,0.413843558837473,0.000104217303469822,0.00435990755778717,0.526876193774166,0.0383367914620499,3346.24640894496
0.867363996383268,92.2407130495273,0.0225789547695879,0.879694816179853,0.000353780926098558,0.00315722921752378,2.20265015022901,0.0328389869045204,128.495427867982
1.54683751399349,81.4186455148272,0.0196048176390715,0.830383053483628,0.000250127600028621,0.00238179487880897,1.12657717271771,0.0406558851851232,643.83267870566
1.91945798571268,26.9968031015713,0.0731922173927218,0.648218418789562,0.000127024628228064,0.00184423387945995,0.408876564031136,0.0220786664107931,6032.97956108313
0.516274455721956,49.1451386461966,0.119655577613779,0.442966975529399,0.000333430228349527,0.00207310104165484,1.66423213256884,0.0325142887617485,98.5351998128668
1.78535204240773,45.0653125246987,0.0692010244092296,0.706990903611295,0.000180131518302408,0.00247270991129925,1.06037892872129,0.0388706546383844,653.527275716668
1.85616610616166,63.4069136315025,0.036115050295217,0.811586546032317,0.000207795814308528,0.00267757353896385,0.559743262699375,0.0483689236955773,1792.77682794577
1.66768183619808,76.4851215824205,0.0211790262412724,0.716385961159691,0.000225027946349642,0.00338356353868366,0.913086241509532,0.0494796733871004,878.751276913749
1.677253111545,70.6890093712509,0.0347268830876002,0.905983474265225,0.000144303280082193,0.00258553972355574,0.531150123297588,0.0679431825405104,1068.68785703593
0.987228383062873,50.0837321752124,0.0970105775880782,0.971875278717559,0.000111131611318203,0.00350860776646826,2.13941470608497,0.0219533079179515,98.360303366726
1.463634234061,73.8390788366087,0.116556628801697,0.575220329198055,0.000174753881355609,0.0039047411184525,1.42388128846471,0.0716258660946733,202.032594075646
0.826140692987945,79.3649722639285,0.128112089937275,0.53513117714813,0.000120113423692421,0.00289505716841288,0.351260835029912,0.0465808112647786,3095.68993240922
1.91213688804116,10.8245607742202,0.0164938721829268,0.525926480748691,0.000304552393930432,0.00347652823967766,0.0995657585926949,0.0384079210738279,33299.4333329049
1.21193670119345,82.7990696390998,0.088322816827726,0.896658205677289,0.000246125887146057,0.00344502261870497,2.40438883395546,0.0404494957976072,87.5728929738062
1.47965943817608,26.4777883396205,0.044208427287404,0.563959385734145,0.000152370321075243,0.00322958369332737,0.438075694769721,0.0635992603156821,2904.71941771412
0.709119836470112,62.2816491848044,0.0445287443971548,0.875489321067557,0.000289662758357023,0.00374155455611662,1.49873102891006,0.0197442710313146,374.059950135583
1.9664790795804,96.7493087444548,0.0770253397335982,0.836178848130722,0.000155463556093452,0.00157698290122918,0.967418372661466,0.0481769248855036,705.820348944538
1.28642651612684,70.1393685912155,0.137487758000035,0.316436477406044,0.000381581238081029,0.00291134462433456,0.312534293448511,0.0487236547588427,6434.03218298807
1.29525675719324,21.9831466438062,0.0509681106507624,0.455609818456508,0.000180923247472646,0.00217620534284384,0.883059494650816,0.0255888057445502,364.512256224829
1.07497839449719,31.1035022169352,0.132556496164874,0.583923019223474,0.000178327057301765,0.00357529869283794,0.0620588271847148,0.0453071539844889,18160.1078855238
1.6579436964402,54.1873867265228,0.087256610429656,0.198080798519962,0.000209894819802344,0.00177842149594467,0.76438992177094,0.0576507300973072,886.835716245899
1.26264844118711,58.0201874650735,0.0564828365351735,0.497201316787489,0.000194310945310485,0.00505497392021624,0.178815388227262,0.05551789102325,7261.00048705127
1.60664636635268,62.0520410807338,0.0186607775460448,0.567066715376172,0.000181860664292736,0.00275296372135305,1.02844561192981,0.0398170223727604,808.960501431354
1.19153333885502,23.5560217143409,0.00720057596999744,0.166194546400569,0.000237165652171797,0.00140416842943358,0.662534117818796,0.0412653079077527,474.260196762184
0.636031014338601,71.808541664537,0.100825975426611,0.96837451131735,0.000324931828647896,0.00379353028628378,1.24068842145169,0.0724012215103513,222.026900135301
1.01745715033496,12.3736795591563,0.0697530003147899,0.588860302676912,0.000313899959974474,0.00411976565491719,1.62959990243323,0.0223223618782014,0.782025763672784
1.74952660784451,33.2886102228053,0.112506047441244,0.725360160365887,0.00025228387217725,0.00248412937520202,0.0666537253400802,0.0624195364997432,10059.0372027483
1.8516435098988,55.8203434960824,0.111370377530724,0.237642692487128,0.000312060954723162,0.00461935737274215,0.541890642938455,0.0639979602984545,2644.622651204
1.14231661363645,51.006092846524,0.00878325107030376,0.659944652811251,0.000190657602435232,0.00398243758574573,2.17666203436936,0.0240738392500378,47.4603708486047
0.631472198789474,72.1505994071159,0.0351763934964999,0.212073222118896,0.000136059185709771,0.00196182777522688,0.00817506135897679,0.0462276601738133,35018.7814174068
1.80747907649586,29.2719064845704,0.128276881069473,0.696858705521189,0.000310054656674724,0.00314284402713684,1.38841590928379,0.0502504437098316,88.6537511900626
0.735769746071193,13.7217638932075,0.103290776799824,0.15678140534116,0.000177245539772971,0.00253364294011937,0.0805576727614483,0.0329823201677983,74376.4515979713
1.6132140805251,40.1814826417994,0.102847102681167,0.646557171353698,0.000217741694491392,0.00295455241320598,2.42340285600762,0.0718981224974226,3.46440013780806
0.55224710382428,22.8923717822786,0.116922262287196,0.215524295156449,0.000162821795854616,0.00386334109387996,0.144378839946986,0.0377110542988763,27150.8018974146
1.27956744709518,53.3060737784021,0.0585865742355575,0.125092687706556,0.000215042495947374,0.00431829719248203,0.444409633559232,0.0401569785973357,5784.4076143224
0.915435946304817,60.8932117251493,0.0712232900406791,0.269490618340857,0.000212979638887654,0.00131860804284286,0.3545705029566,0.0551845765369637,5914.6947484595
0.813389936758671,88.6678651318513,0.0218271597929939,0.461547034796793,9.87475412538132e-05,0.00415187203493308,0.829615337525603,0.0491161955152083,1066.58293053092
0.943509279852733,91.7211580273975,0.111860381476853,0.944800957866572,0.000211553547359841,0.00240820386113828,0.706638169331282,0.0186081498693695,1413.45785618035
0.682039596159011,40.4772720554098,0.106473164714668,0.819508858384658,0.000135702108418343,0.00240143129290905,2.24592679979497,0.0228726409315738,36.156947859126
1.81028966487851,43.4391269721836,0.0362656425151488,0.490997313504107,0.000241806554638908,0.00392514483306945,1.96560325323106,0.0634101389491775,10.3179397956481
1.12573797169002,55.0933262794837,0.0725175628647559,0.922573338976502,0.00017016629583363,0.00228559368059523,1.13589132736727,0.0586816435767551,400.152225339378
1.41645128379064,59.775539742047,0.0822619745573384,0.624706023579277,0.000164879475389374,0.00202204719098426,0.106260824346692,0.0431653093823971,7741.94058661792
1.69954235348618,23.2949647017755,0.0386330920851008,0.137498896879796,0.000149005626291839,0.00229610963954746,2.21481904169349,0.0268020845643904,4.16860946984161
1.30317767893197,49.8634536627959,0.123227571403099,0.308904841829743,0.000257006274945067,0.00451456210615948,2.46625628416106,0.0725757428038618,1.43127645052041
1.57580689250911,53.7000136866793,0.0401449505645843,0.37296052002795,0.000239901100087167,0.00470331404224105,2.36917480791822,0.0248940886029335,4.97394558480201
0.509933004566003,19.561391416695,0.0774874374689063,0.78045402216725,0.000320082337882634,0.00243669192899479,1.03510376355051,0.065774459151053,121.585295657782
0.602037629466038,45.6376032592449,0.0306040448623897,0.630165794774052,0.000340629114913412,0.00180590094786213,1.30333840105589,0.035147891039635,266.573490745517
1.79895139236143,63.2310682910401,0.0865207179352468,0.756165026007686,0.000203896957520693,0.00381775322521215,1.27308506980717,0.0365817438722024,537.797378134671
1.16995318086725,77.8278837662004,0.120629611688834,0.777623548506945,0.000286121296101576,0.00430523553839491,1.48663414079543,0.0650988709602838,211.072800985287
1.86351452462841,52.0461699032411,0.00633546093124938,0.181668520409148,0.00014668565363512,0.00369384656580732,1.90636222153745,0.0673255306832175,0.631864817429629
0.977797332781833,81.6455875667557,0.101850461333175,0.278582049703877,0.000122259699819171,0.00242474684461542,0.999107688535091,0.0547462069127699,644.436457414271
1.95576504686708,29.9695796652511,0.0532832152415785,0.863905016995035,0.000199142966089859,0.0030324918778069,1.09463304968693,0.0236715041958191,529.782513254355
1.23591087246919,68.0392992031667,0.108729795208107,0.268181282232981,0.000282864317858071,0.00321590867333372,0.268097137929868,0.031099801754801,11916.0948420491
0.710054348974023,62.7835083488002,0.0988845824747519,0.842071156206075,0.000160183365285004,0.00510584516505963,2.33339537558974,0.038717513863927,57.1582073823431
1.3086661087377,16.3506192222703,0.0623866876729837,0.541560494252481,0.000348720676243073,0.0050394680324384,2.14654927455404,0.0418078371247599,1.8259285581578
0.952248937634286,30.3486615988147,0.0983913092263895,0.100342400032096,0.000294585170113559,0.00399581609183112,1.65004173623666,0.0232658204762481,0.752276268963196
0.729295959604904,80.4005283010285,0.00944680873297521,0.734447442712821,0.00014962718284913,0.00339897355084364,0.340382391225742,0.065721892930515,1604.05422540194
1.12017196668452,41.1704149019159,0.0124005491283279,0.432857273644302,0.000365539649085085,0.00380591386235917,2.4697917085336,0.0284814812130837,2.37202190577892
1.8749583988688,45.7483834401518,0.0740374780086804,0.620767071615718,0.000358297730355514,0.0022694089466713,1.61109221337924,0.0563941265812701,87.5991288533959
0.524671235674992,35.0336950145662,0.0831536675520524,0.480219158964138,0.000313733791409334,0.00165147815952145,1.10738914378173,0.0226542200208912,372.930763820817
1.64681493858108,25.752571003288,0.0717879084278148,0.848297171846591,0.000198870471378279,0.00394470377613636,1.20675941962207,0.0216813995977395,276.087679257304
1.52469333568076,10.2902917402517,0.0735835529045419,0.805031972804572,0.000253311985497524,0.00234843121286377,1.71496476553153,0.0552437393051213,0.900752969864489
1.78038124100817,43.0325415411498,0.138894224550581,0.341651022862084,0.000263499472026922,0.00256686688726945,1.57343514911144,0.0506963654815087,30.457085545503
1.53283249792224,50.6215197323076,0.0117900851801514,0.223104354969691,0.000372359091619372,0.00296253071890941,0.886984131597904,0.0341309861876483,572.477828686599
1.37527968108887,33.6247859634925,0.0483568450505953,0.54897106863251,0.000222813564004838,0.00156008072716419,0.990519442258252,0.0187438707295452,653.622530413255
0.889065382933244,79.8742562464159,0.105494978123911,0.638470973878913,0.000292197650841846,0.00139937198765924,0.769048884665178,0.0700680066036471,725.175622850687
1.72631120700389,86.9783207371365,0.0310276072865454,0.436107534665056,0.000275417448836504,0.00488415310438182,1.33072615614763,0.0642438463044597,286.68054642787
1.75911483315844,63.7116623837128,0.0149074537486336,0.400528480998799,0.000227460626461942,0.00434532668960972,0.594863886807874,0.0198341591208924,4165.82245775988
1.06910316268122,84.8474606799986,0.080644053509828,0.92731870424021,0.000185321155728201,0.00210649471820451,1.50447197006791,0.0467749964662563,283.288811285435
0.904530998341739,20.9831614242122,0.0836750285431552,0.920491852942947,0.000380881365091584,0.00293967397340541,0.733138838126577,0.0368743632562526,869.128753582396
1.49503982928069,18.8710154769942,0.0466322084171006,0.296703707429301,0.000306682366185249,0.00307123315317009,1.58606548305004,0.0600113311495705,0.476895508482548
1.86983630243363,78.8587493160181,0.0345516898703156,0.815401097511407,0.000195659145913886,0.00465050437124578,0.86973546574985,0.0429379792568169,1005.63671822571
1.72218361126678,94.0034841657616,0.107479953771566,0.351306168007664,0.000243200464267098,0.00327986983238269,1.82066133797684,0.0259317588755015,168.80497973007
0.960658486518543,89.9303784047812,0.0966623763756815,0.668744151914772,0.00035194525413034,0.00377306598012066,0.511132310717395,0.0687670222060008,1104.00804674024
0.766441547741182,19.0695780047216,0.025904837345752,0.355838672603201,0.000347834257544658,0.00442867356379076,1.44006214046689,0.064878034746749,3.58242609619432
0.808269438133575,56.561302725086,0.0460283382572188,0.440853065611329,0.000254285478641031,0.00421813890178612,0.852416264531094,0.0451552107699545,983.964509683168
1.02542605961487,64.8622628602572,0.0702738010647473,0.255928002294619,0.000145649425507468,0.0014964335742203,1.4187059335043,0.0476930304954892,115.868657571282
1.88073025647178,94.6778284028731,0.0708714030862906,0.976629427476507,0.000303192923025713,0.00335427630344226,0.027483394250161,0.0661077477531977,1459.92484815973
1.74041719058948,60.1257677774318,0.0662869129458911,0.699642692786083,0.000138877561418895,0.00471239001810782,1.94170952291564,0.0706438792102786,58.3071838904103
1.84590250252467,59.6012100404501,0.0282835285329608,0.752060203134827,0.000281688071311256,0.00459325478655154,2.29641446937169,0.0345156120609856,59.0149263476608
0.763422509793192,21.6789204978943,0.0572407308401308,0.322920026768371,0.000269336144430144,0.00362256488602567,1.37607174513359,0.0625367828748145,8.68400436615476
0.820913838639855,85.1881662502699,0.0423085813679532,0.328850734986644,0.000117863013440813,0.00365049410855784,0.0179297353180342,0.0305879888222319,19318.8535682069
0.993837102850899,70.0316447320767,0.124669318081523,0.35552790366672,0.000364249059352076,0.00264327255786557,1.67705769895059,0.0425330868366101,112.758829206078
1.33982099906681,89.3487356562354,0.0291301627425422,0.628955377188511,0.000331866991301521,0.00366655606070688,0.31371634174991,0.0514497911357624,2603.33162654557
1.51557652253332,36.4796911615506,0.0555019902499341,0.187953502031043,0.000311454963090843,0.00211417464887697,0.37976800431857,0.044267936850861,7262.38123379845
1.39456418102002,16.6201223877259,0.0547705422352598,0.798127352776378,0.000329603429529282,0.00308577807846143,2.36630225123829,0.0271685204809498,1.55893531920894
0.777028456866276,44.0593612919841,0.0616847626838427,0.985364039424434,0.000365228745706982,0.00163525600306351,2.43675734572789,0.0596816698232703,17.8608227004073
0.581360365394037,99.344293007236,0.121872850806679,0.375922390943766,0.000330865842141476,0.00205145205698869,0.845284861778592,0.0604936110037244,763.90465920246
0.928212413334753,38.5084378762916,0.0203449459798141,0.740423867745418,0.000289895983768115,0.00358711887475283,0.947956327908863,0.0511324210536825,565.549201626636
1.04843076901184,95.7314066211879,0.056909827777173,0.449758756749332,0.000301682818954251,0.00479512222825805,1.89674794862535,0.0520605229986264,106.548794995311
1.48687289033551,65.330642306013,0.0538455405078788,0.859978045936953,0.000105845238083475,0.00167107519448519,0.236251207811136,0.0540011013854744,2699.06759909512
1.15100233743759,85.5305812980421,0.0477576491535644,0.307495786872786,0.00027444559129799,0.00500924776867251,1.08859819578169,0.0662197025073868,418.876850458354
1.4362687278334,98.7767802910134,0.0379546706373567,0.86970596344145,0.000258004526244383,0.00477531590132401,1.14691827941131,0.0695620866409644,325.713065027614
1.84312160350941,11.8529018204473,0.0453594364334172,0.134943220905866,0.000328510590570236,0.00475070650032421,1.3144151520712,0.0516154989631882,1.73132356255528
1.81462306265906,15.8155988928396,0.0497785008352921,0.929933224901836,0.000272312215462606,0.0045263623573078,2.45035581294642,0.0252183391625406,1.62482100564657
1.90773439781507,96.8022309743334,0.134539664563278,0.70998717489792,0.000123487793000633,0.00191020063108682,1.46540247049201,0.0458386155823134,382.013656936154
1.38991131995432,43.5930063571408,0.0396840608154688,0.702869530447666,0.000139889499939092,0.00163109914909044,1.72076409071681,0.0360039428176993,99.3286371497562
1.18570402764343,76.9249380636774,0.0667744883971929,0.641792160399258,0.000321717348552866,0.00317138882373683,0.289774117626132,0.0281333719704706,4583.44525272186
0.701001610807609,36.6802574307565,0.112801724700942,0.902077479597088,0.000137044072579165,0.00148823189095849,1.70250183941348,0.0583647763906674,62.9587435320325
1.59410957897641,90.998354875315,0.117792244128118,0.872467515860219,0.000367384992028144,0.00186062723142563,1.67013552629305,0.0408515242289366,287.053024712166
1.47431953206658,31.6096506949887,0.119332830485402,0.536659122535959,0.00018638051305357,0.00289212676089462,0.42290689839523,0.0698842256177009,2953.21924779836
0.753936112608295,46.4213800793793,0.0818641239899214,0.6843314213668,0.000109382567870079,0.0034107087092743,2.07069321696691,0.0545062960518734,30.5159426546017
0.830171693740878,75.0852103833668,0.00765036799323157,0.11685421275273,0.000128118834607883,0.00326623644094643,0.963905969027277,0.0475634476793106,305.749987960062
1.03764941529278,47.0956129429582,0.109134760464147,0.185583216486871,0.000272591809400434,0.00437278007044115,2.1854500998446,0.0611021353669786,1.22214781566846
1.97172453459958,30.6953910496924,0.037268473602703,0.17768148515597,0.000294082910993415,0.00406614150483157,1.76432589359874,0.0628213656067569,1.35545570849474
1.1369363788492,32.9548388199788,0.0997262587125022,0.410779524735268,0.000240690601331227,0.00318709963105211,0.982336182651141,0.0319150137738349,426.573455626569
1.56970033724792,72.7675070996676,0.0138101817878887,0.143696599738859,0.000233418026294395,0.00154584235161121,0.792192916813855,0.046988324328348,834.257396003165
0.980718829241581,27.7746365414001,0.0126055132760266,0.287088720389176,0.000291077836880763,0.0022584548129049,1.28560483458873,0.0671388091976641,15.3972113820309
1.10747165679699,35.3563283886388,0.0894421600065632,0.172176676825341,9.79460509667793e-05,0.00277154063375925,1.36484484156068,0.065342492527082,9.91069377182218
1.89709034049837,69.1185872610751,0.0922849770715941,0.719280348575115,0.000357341612034613,0.00448393558182228,0.218367679828094,0.0568909204502001,3279.70772101962
1.50438564915443,49.422487426661,0.0895550629265714,0.773077451300062,0.000262961536357984,0.00280196982018996,2.22956399520882,0.0681565930533182,22.5732155222318
1.96053925822815,98.4396545960475,0.0612503023718477,0.365681715029757,0.000228250766840674,0.00199784623632852,1.84862227362625,0.0204709884131977,188.734399162571
0.639691853304859,58.4999047986045,0.133075355739166,0.37795547810737,0.000233061147375889,0.00336747519965093,0.0527521897614985,0.0689242544347632,9235.80423364333
1.62710937345494,98.0948073941469,0.0762169933071395,0.468842291360348,0.000343842379393801,0.00475454625619317,1.68706765341876,0.0571772836646899,174.892126244823
0.972179368573707,59.2049642696884,0.119022441872795,0.580808070465829,0.00037495747087286,0.00262274031260499,0.651290112813391,0.0358925430879478,2046.38140611835
1.05358500761632,26.7902499274351,0.0846545730175664,0.801268313709367,0.000319018033886274,0.00400918554431639,1.92298918645119,0.0331992031129781,18.2898338788386
0.656513904212043,87.8822179559898,0.0524375424497469,0.482423671288416,0.000155101288275394,0.00133828416459373,1.26476859987697,0.0317467255288059,507.459817908921
1.15547946280474,61.3515655351989,0.130407489191364,0.280617300724518,0.000285053822821945,0.00312153605872128,0.586351480189559,0.0391300573805597,3040.92376451787
0.880803068018984,99.9953068123199,0.0858417951006967,0.60030714230109,0.000235104241046938,0.00492201789906655,0.786567447248306,0.0573479275824332,828.649709565008
0.725127774169203,54.3797314723115,0.0213492992469211,0.82658639977593,0.000296877548614631,0.00386052595781837,1.59646373817182,0.0272195584614393,232.628007159704
1.38322958691791,34.2538550907001,0.078941528503842,0.857385226528905,0.000268181976946405,0.00201664083963783,1.01756584864627,0.0258650368562986,724.455455318454
1.44797579540079,97.1355962185468,0.0782743956235329,0.487034762960207,0.000100834227090246,0.00159821331327245,1.54157019523178,0.0243275744459538,433.167848067046
1.20525148651702,78.209184810305,0.135086997485997,0.894626655495726,0.000377890824821537,0.00265950922307195,0.420526554923008,0.0311563312848702,2203.77528993777
1.9915546035585,65.9660821257997,0.094340821522109,0.24878534243321,0.000206808911844398,0.00395868624875625,0.0431345981010419,0.0530388654857289,28344.7615449981
0.502985449268948,96.3119765862077,0.0758560971824417,0.522372138663381,0.000129356218548326,0.00191295525972479,0.211380093366526,0.039299005231303,3683.30542896259
1.4538939168565,19.9259298803098,0.0646623208925519,0.980194687024225,0.000229595115042034,0.00401809401737953,0.623087807234145,0.0184405244960806,1861.562557497
1.54321508281864,20.3957922528777,0.0650992494818738,0.447517644448392,0.000326810175179942,0.00420272243437494,0.639791022343221,0.0354007608485389,1104.72782827628
1.03264817594085,85.912725292379,0.0900516167427718,0.555145842110645,0.000226206620405784,0.0017542394106301,1.63904065859962,0.0622159433769709,156.041160685694
1.92281680432428,39.0578722170088,0.0753176689529407,0.507191548886243,0.00016845310571395,0.00128555700127119,0.487327764553136,0.0422463452744257,3797.58041399545
1.21415741817234,39.329751499882,0.138352076718068,0.158453225673642,0.00020017882959617,0.00499838642739521,1.12116955529588,0.0395642830090419,103.806484007265
0.688354134764522,44.7877281282656,0.121145111101252,0.384595553394314,0.000336474904932774,0.00473257990859611,1.96211070325837,0.0290866184514846,27.7983618236981
1.11620234520314,95.1342533608992,0.129340437222371,0.838825369724352,0.000133872318206833,0.00282715940293223,0.740279706334661,0.0666043727220789,616.726536206887
0.741233667672612,12.8127067596745,0.0297219369240164,0.917166884994879,0.000346256452603282,0.00250690710748228,0.634122310509542,0.0302710350011669,716.023875416733
0.566216140928213,31.2859152872302,0.101403903779176,0.274793596220762,0.000125904253703865,0.00195558894230473,0.0887012091248478,0.0479094626790342,28236.0545457557
1.25381398195028,57.2055299809482,0.0454163774593587,0.529327450747974,0.000259702748611611,0.00193374997892671,0.755385239394467,0.0377930105910447,1630.17061655853
0.541608824819792,34.6071721228585,0.114694786489049,0.762935158956889,0.000191827105059612,0.0018947549836802,1.73650102346017,0.0304389482122296,71.5695776066929
1.53085192868998,18.3104888050724,0.0793682665818179,0.163570169861335,0.000223200422710359,0.00354721971803855,1.92461079227756,0.0191608475445717,2.97161294403099
1.33078916115081,35.6652283167001,0.103434012924835,0.603481245793868,0.000245662223116226,0.00134720579581091,1.53771488720461,0.0191057084128626,118.502710273982
1.17523317013495,81.2554674576316,0.0745718646240595,0.337946562760975,0.000230362942467992,0.00270734811035873,0.12424217710421,0.0705011758040266,7288.19693275935
1.98752790479502,51.5559975418448,0.0191092485455577,0.301316727594286,0.000102512342938099,0.00153396061617256,1.52047605266184,0.0524153696662674,35.117746441264
1.68842145681987,68.5393036343809,0.082741495319444,0.949442331637069,0.000116129918467796,0.00446732992010906,0.503468613781798,0.0437695092618563,1708.15267369106
1.73004287475906,24.2924266059138,0.0334782158925042,0.682109904879238,0.000278835343281685,0.00410214993080085,1.45030329149316,0.0536471560406108,34.0284888138831
1.1354080558815,44.2016165419761,0.115210092570269,0.996359496918879,0.000338911978604618,0.00484342883178439,2.3172846402597,0.0299012465767248,47.5063113395943
1.74504260052694,57.7666032013204,0.0949472810085912,0.761706458767503,0.000197536790373246,0.00416626293576291,1.33745247440901,0.0214524648442042,580.506049900004
0.644784600260202,93.8757428846881,0.0557173719696561,0.910868313448876,0.000277475426677283,0.0042515610061662,2.35422316259349,0.0415143815941735,81.7186291019938
0.789640109248925,76.0678317558672,0.0300972716766422,0.403127675337065,0.000124451062522113,0.00356452840693892,0.676365973022459,0.0462602012676288,1766.79676104112
1.88679879204324,77.5515817288682,0.0639242005706549,0.749166957011912,0.000299027855697787,0.00403188501775998,2.23766221672891,0.059608900439599,67.563941820563
1.10363750903402,14.536913645668,0.0243724518808345,0.418622469169181,0.000369989411580108,0.00506294866336397,0.68004538245431,0.0562426342014019,348.891648255243
0.860920585660264,20.5593802568037,0.106765099313979,0.669038052818459,0.000114632718167907,0.00495093040954257,0.68872775028698,0.052318214477722,786.610799776582
0.999635622174479,13.544080382688,0.13894343233535,0.936402218708768,0.000332151999519483,0.00420036108753457,1.76586186316144,0.023855968595247,2.85676537930896
1.0869543513055,67.5178369037807,0.132416765635936,0.107669440710451,0.000183585393789589,0.00464106919401732,1.79168667135766,0.0342388272394662,13.1710334856845
0.621190625652671,83.2802880195249,0.0231696567953131,0.988085548727401,0.000308775052827374,0.0014702407510947,2.43889406499819,0.0579448774331026,46.2861555502516
1.94098999726633,36.2447747465689,0.0340079906184416,0.476440432713181,0.000194961360381288,0.00441011566677191,1.17265828973302,0.0694481254768731,133.193012385183
1.93317878920026,25.2195619303826,0.0247449046414418,0.615514611028694,0.000354283091686342,0.0032540671775724,2.03471683854866,0.0363997505400456,1.87494346838366
1.09248701114859,21.4953708671778,0.010622488490897,0.472497509536333,0.000148459759084915,0.00198016870338313,0.723238975414849,0.0629905510354735,503.609632420287
0.594430766788777,40.8791310472507,0.0657718862040071,0.24277253812952,0.000111833524430887,0.0032404798542813,0.190195001210995,0.0292232460798358,20872.4573622143
0.662021055178717,61.4990118151717,0.0579652238018189,0.264374074230623,0.000267832877562771,0.00364639128245075,1.78223041613992,0.041145311593218,40.5572544723393
1.99451793489186,86.0846268726326,0.0393772661883302,0.882569466174673,0.000322087771237979,0.00297118798695609,0.200517625471131,0.0607194123719209,1759.76398885455
1.56791521137627,64.660292485645,0.0670696909053529,0.106130009420495,0.000376754537822511,0.0031385198861554,1.20097434100838,0.0683743111346735,39.3353199106467
1.55605884572677,52.2255707760341,0.13612118832582,0.821738773896266,0.000131090498416822,0.00280849738276539,0.461197389284074,0.0278823572821217,3429.61139442589
0.533196752950549,72.2930161932297,0.126076509067986,0.495372856863402,0.000340027730428009,0.00501768797087414,1.25397652602453,0.0617167547461148,272.781276572907
0.782005888611078,54.8341798121948,0.0678158434554503,0.793447630353831,9.93725939591633e-05,0.00384562540303141,0.942561963840063,0.0485941449795879,690.244918693893
1.93926322192978,41.5238607780077,0.125250396277057,0.170051088332012,0.000165707511208862,0.00460099700727265,2.07368776421775,0.0234612213121736,0.979827321161013
1.63259530909406,93.263594004754,0.0979015353207015,0.962100359689351,0.000300846635322473,0.00349277520253527,2.40993372044339,0.0557374468042996,82.3976052202177
0.601554668559693,91.4032684092782,0.0101358863935469,0.422045790673327,0.000171762674777151,0.00187713099148439,2.09634555763125,0.0202138531749478,92.7442345540153
1.22754599652207,11.7285778048355,0.115286356275475,0.389315123621747,0.000188445183132715,0.00222058292264291,2.16188948533604,0.0368375913802325,3.54379080791713
1.31422909612535,24.7651839989051,0.0875172285796457,0.68944301098939,0.000109568040965381,0.00511808752653302,1.9970335861549,0.0712480697729636,2.46090984899341
0.677665017913561,93.0646573072765,0.0472750376276138,0.429884707112424,0.00016346435664078,0.00271600523946546,1.73462284593066,0.0589937571842352,110.767451112074
1.04238498980319,52.6184306890797,0.109969664981104,0.331016250849236,0.000355995048886828,0.00329667724064268,0.606854181774584,0.0588085330295923,1904.73314629486
0.57778612394724,87.7080667706579,0.0326422788344603,0.220032890943158,9.60047377830255e-05,0.0013060952809198,2.19674649804917,0.0211237572117662,27.9091655171863
1.3401557381358,38.2642159330938,0.0408079381622018,0.516361439208128,0.000116944777798481,0.00405809095275253,1.18143154202986,0.0440658375430968,247.048215919393
1.27399096741946,70.9263709230069,0.133761373156569,0.232356767767761,0.000113323072857073,0.00373424011924361,0.151704851514002,0.059246227505539,12940.9093235393
1.2461060946458,66.4639214763045,0.0629943209986521,0.964386653308291,0.000184515404397871,0.00368291852966973,0.806849421857028,0.0448963745647736,943.223496291451
0.608684070675168,42.6281145350076,0.0589977419748819,0.127551246532239,0.000193022826736538,0.00272579818170344,2.06113437959591,0.0532957211083242,1.69488688832256
1.77328937765397,42.1275242694467,0.0254712871221724,0.790790543802082,0.000142504810639474,0.00409052239719506,1.43793024818047,0.034849493725546,248.376646679761
1.17970149687864,74.412963667484,0.129100369831594,0.56835427184375,0.000167609398272959,0.00144350517371282,1.62651223422201,0.0701190640013072,127.882336195
0.901704768914264,28.3885818008147,0.129835725637983,0.313578147937264,0.000266105125754814,0.00345101830181825,2.11500255162394,0.0526976455349126,1.2292182029997
0.934126354275737,75.5270398786664,0.104997570782365,0.207056321277283,0.000350310907449894,0.00485483160045035,1.89366044852421,0.0575183656073695,23.842130026573
1.32665050842613,73.2542159087211,0.124337465917748,0.774482530312985,0.00010728542027142,0.0035394389074266,0.618170641583614,0.05481301198984,1279.93452621242
1.40771923097409,48.6233088206407,0.135432853038071,0.888026221250556,0.000106279547550555,0.00171265629962622,2.11095145510692,0.0505362800001936,53.2112182745285
1.61672742754174,32.0782000392396,0.00927854891319862,0.325339441756718,0.000232223448785347,0.00388105452195018,1.39412154772587,0.0633198028095539,13.4269034303239
0.794097294571344,91.0952073627897,0.0276729520104657,0.991383095819037,0.000264920365718358,0.00233710444735165,2.02794915894266,0.0716742633226919,73.4410157222544
0.846010215545539,79.5990692053828,0.131690010557199,0.613668742583226,0.000239029512328217,0.00428060764369992,0.714373446132964,0.0380105575536858,1473.56429861539
1.32107839646796,28.8777129845787,0.0261927863091483,0.675886829349678,0.000220146673870719,0.00136606031580035,2.28776785400762,0.0489870256346966,2.42309530998756
1.63619513385696,46.798672828991,0.0162991077290476,0.20844664699398,0.000297730738120199,0.00232194451598603,1.47461723166414,0.0286041791463075,16.142944400388
1.08111713930918,52.9584540877677,0.127314378371799,0.501344218664896,0.000286310701533584,0.00252379821641292,2.25411346844303,0.0677357443500699,10.950546455371
1.0599580143257,82.241569418693,0.0157408422350551,0.151409772045072,0.000345628335911464,0.00304898303930365,1.97469578711602,0.0509279000097313,4.1699956754444
0.557194918406196,22.2847988230083,0.0416359299143375,0.575085200752597,0.000176537998316226,0.00181922256013993,0.916926220222713,0.0322309541354375,357.075735728989
1.83607264551241,87.2102246506885,0.0809395335616808,0.143157655847259,0.000235910852692906,0.0036147350794713,1.55012806428402,0.0667506439221898,27.3517393081806
0.911151896032039,65.5146528991591,0.109702604987367,0.304243785400968,0.000315572058200395,0.00450010893641004,0.574169365114359,0.0560028845541683,2277.74701380882
0.746022244253661,15.5799245099816,0.0798516568244972,0.34540799374003,0.000204744494304173,0.00482970922004092,0.163615698858562,0.0226017504329324,25948.8013616589
1.09515644506318,24.4831285802368,0.068490924219048,0.360320753780659,0.000151622240014579,0.00254979515206784,1.88065052181039,0.0601677630349027,0.879716068113213
0.521209291517735,64.2956944825221,0.0885687165123226,0.941999669217784,0.000170301178348401,0.0046675462738063,1.24651974800508,0.0691835471642278,220.857302787601
0.56556408540858,27.526496387627,0.0842548163955958,0.38344709233921,0.00026144900446555,0.00391936064632354,1.98914101087165,0.0645006335141432,2.80375231607454
1.90003154889634,73.6445410438906,0.125563640523514,0.120312206487171,0.000161981403337759,0.00268118843107849,0.810685730956089,0.0670183605029299,676.253124968561
1.42583964168467,25.9120497107878,0.0435657675386895,0.998826353385299,0.000140773917801515,0.0028524349417954,1.00563352488462,0.0542960956893935,357.0083024223
1.38106569134118,95.46402586082,0.00574215808490568,0.652103181427251,0.000153540058407189,0.00333629003117859,2.39513496305697,0.061181914112693,51.8197257062887
0.651175491612405,41.8036970788427,0.0603435706757477,0.890610577800497,0.0003051207551291,0.0022068175812339,2.02241239989321,0.053851099723279,38.1993210042846
0.803416704752948,47.795013208501,0.04906928729467,0.196952952825278,0.000370274629301992,0.00224617552332407,1.82538166834966,0.0247932456643403,9.24778683315644
0.585255091694184,77.0211392309237,0.0144816740419346,0.63598320702333,0.000362941421932801,0.00445219906466093,1.9462474848646,0.0194386282552663,153.466155681905
1.35008826528816,88.270147990156,0.0115104329228948,0.112244084956218,0.000217084948365586,0.00303849626649414,2.27376634656479,0.0253658247997518,1.12198736866253
1.47199376234831,18.0773914497439,0.137078881846482,0.395304088348616,0.000276116840166879,0.00375961626171929,0.862030154524238,0.0499850928235646,170.085799774547
1.16051057894202,15.208185791634,0.0523162299094762,0.851306452406012,0.000337178954390127,0.0034267907056641,0.499279037404626,0.0420092346800656,1694.42488172551
1.40006279412983,56.4389857343119,0.11345834355064,0.369598710618075,0.00020926664170267,0.00444265526298419,2.34722943192892,0.0648006220973586,4.03197029959794
0.89025216986984,99.0861466170009,0.049484642664551,0.949801120323315,0.000271283284136304,0.00283682640331464,0.328159687873421,0.0202056993923484,2081.1751787995
1.20197995379427,37.0739670294803,0.0415651172841804,0.393705673382245,0.000317551124416218,0.00423429457105303,0.393997367985994,0.0210837492606584,7891.35305567149
1.97782312076213,89.7708885691315,0.0936579991829367,0.559938812054787,0.000244702574284055,0.00169218408506742,2.38248540468548,0.0400082684489763,67.815442674787
1.36218145688716,78.5554064291622,0.0995205998452974,0.551869722549804,0.000215280968006223,0.00456144532665096,0.477096085965741,0.0338438339533108,3232.6772613955
1.28298820037441,83.5262997619901,0.136289938430129,0.51236361901965,0.000350551493076372,0.00438813133826577,1.56152621907304,0.0676105047979601,166.517342021548
0.852168444470037,94.375413766196,0.100731248073565,0.83141395195052,0.000378556315726618,0.00489770606776124,0.277107893470295,0.0434310973811795,1855.01351899895
0.920232802852523,14.9772107340209,0.0321483204613361,0.287389708103146,0.000143644794131714,0.00260982395143514,0.455988485110418,0.037256671918772,2226.2872923408
1.59098963257577,37.7565857844241,0.123680962739656,0.13229489341611,0.000360016929667489,0.00145256437688635,0.250278370228012,0.0334332559266917,21965.0109229803
1.43552488541137,51.2804487145692,0.113828849038005,0.655828460618481,0.000159607582581766,0.00212972712307858,0.563828633122723,0.0372845441145398,2659.12357573581
1.25836161155906,28.0108722111955,0.0912456589714858,0.192374106877297,0.000219537510142043,0.00219723375275596,1.86008847926305,0.0323302648818282,0.83819349438343
1.42195179611398,10.4960025354661,0.0910694172933814,0.609053557094373,0.00025621724291568,0.0021629273352303,2.12255973724324,0.0580872006654172,3.29128573626884
0.945296660442371,68.8869858432003,0.118342155004322,0.54477223517606,0.000132152390347628,0.00372101667883211,1.34743731916186,0.047345367548793,322.590422892711
0.544243920995388,39.6680976711959,0.0957522243574688,0.25203461306924,0.000119615203474549,0.00455370403935015,1.75100387485601,0.0497068512513995,16.7831959744334
1.82320516465418,17.0815703552868,0.0271170350860963,0.406806993034482,0.000374307740993021,0.0029985293654166,0.362520200502536,0.0499235787649826,4769.73395057848
1.35580354942149,84.4080636794679,0.0542507833071113,0.690815300142951,0.000212707235093934,0.00481366537953977,1.16060487730677,0.0456559078677052,575.226811406946
0.695076102595776,86.4524973027687,0.0237599935817014,0.768903227671236,0.000247383058695505,0.00331573410346851,2.08564301500258,0.0567242847563816,78.0542286402521
0.671478292747866,48.1657811059896,0.0318546463925107,0.90985542586213,0.000203416751241656,0.00170353178570701,1.35190607507989,0.0337705638117898,316.247938850737
1.67440506308898,14.2755010869354,0.108116730749954,0.233794873065874,0.000307955010665486,0.00173706875112522,0.12822510743628,0.0315208147097764,51912.6533369139
1.60332430429757,32.6303995753452,0.091870415280339,0.715146104015969,0.000279637213644258,0.00497938020236844,2.05222335824597,0.0711515940566524,7.10612032561221
1.65992031405913,56.815445111692,0.121519800153538,0.605245925781596,0.000156977855024656,0.00160732881169537,1.60346289918491,0.0349624452932438,200.653019046556
1.94972243972123,37.6303096009325,0.0929835628428158,0.227320092530455,0.000296081196509718,0.0041811042970123,2.00350700673959,0.0267723715107422,0.647431185054573
0.618066034208052,69.4237312839739,0.0685987230654327,0.679424678883795,0.000334749066657063,0.0013821196851118,1.04775370898398,0.0263564115420397,807.425516527975
1.22227788917208,66.9038253617007,0.0516161673910877,0.956577692508697,0.000368592121573894,0.00286519735732345,0.224298167370843,0.0614124152554582,1932.73673151315
1.58563334179297,89.1839646273945,0.0432051421638531,0.78623212683117,0.000157919314608363,0.00276794867868823,1.2967386889262,0.072177965808854,275.913565659852
1.01387462929031,80.8245844341721,0.0960323491229295,0.466816336564347,0.000121839949297844,0.00495609208462989,0.168630468674467,0.0454797353430019,6076.37147876888
1.71648809030605,58.7781596465409,0.122724451294334,0.147251670174673,0.000102917615768951,0.00209336395565218,1.79865770353515,0.0532440948960388,2.43011243866273
1.70320513151633,29.4573542689253,0.13969377438912,0.592060719250329,0.000316349870736935,0.00486144518354999,0.382559254295774,0.0294710527112019,6194.13347705148
1.4989873782061,92.4599209295493,0.0506499286482587,0.596118833927531,0.000323370686736661,0.0021466796465644,1.07533708306757,0.0275711588043737,991.760507142408
0.875218208496459,17.6414583312161,0.104003058217507,0.520313425241504,0.000281373501807098,0.00300830404068592,1.80959350660598,0.0309046562318007,1.65139306570325
1.68558609017916,66.5394484757818,0.00777139056912085,0.742776534863561,0.000372061088084678,0.00427232377843877,1.51668667716368,0.0262847719438563,396.230148849203
0.720183481637854,67.9231397437863,0.0851659714573864,0.246488050846197,0.000359395039890911,0.00433587963434262,0.300824992310242,0.035559673004267,8873.36741054434
