Hmax,ddrain,dperc,dseep,WHP,hflow,pfr,usage,Klevee,AppStdev,Kd,ksorp,kbulk,PEC.1,PEC.2,PEC.3,PEC.4,PEC.5,PEC.6,PEC.7,PEC.8,PEC.9,PEC10,PEC11,PEC12,PEC13,PEC14,PEC15,PEC16,PEC17,PEC18,PEC19,PEC20,PEC21,PEC22,PEC23,PEC24,PEC25,PEC26,PEC27,PEC28,PEC29,PEC30,PECMAX
1.03488263777038,0.654832032924937,0.401811255836626,0.535293942232896,5.70321382811852,6.5282649201313,0.15666782597559,0.149804432966397,11.2009833038039,3.01354791682586,13.0258802834512,0.0109619475483294,2.2927161549874,5.36603911832239,6.70012234903691,7.49001285559185,7.50059145976867,6.73039451179435,0.0473247165484075,0.0364389661476522,0.0293647324997732,0.0236645595938549,0.0190708831001867,0.0153689140412078,0.0123855574786527,0.00998131902135054,0.00804378241170722,0.00648235321889715,0.00522402286682779,0.00420995493327683,0.00339273410397321,0.00273414914950271,0.00220340626250998,0.00177568921525411,0.00143099901403467,0.00115321879559616,0.000929360242371199,0.000748956280801618,0.000603571666807246,0.000486408574586259,0.000391988747057398,0.000315897346074709,0.000254576525489726,7.50059145976867
2.65067965298193,0.406462167912861,0.389005725159543,0.376036185137276,6.26990532044927,5.65909682054398,0.113133088205713,0.283966396502219,21.8032333116373,2.23695869709365,10.1652993376449,0.0359625908302788,1.72911758061025,3.75913394067143,5.61556076915234,6.86635227732545,6.87733302295966,5.64558039938956,0.0430914664185867,0.0326038683048918,0.0264087480318557,0.0213715024312517,0.01730544978889,0.0140129873164168,0.0113469349786057,0.0091881146040764,0.00744002236170515,0.00602451483551527,0.00487831584890896,0.00395018788590663,0.00319864166594556,0.00259008148539613,0.00209730341864009,0.00169827924512821,0.0013751717413895,0.00111353731946107,0.000901680367994898,0.000730130433725305,0.000591218872201296,0.000478736043179977,0.000387653726590749,0.000313900350476091,0.000254178983123767,6.87733302295966
2.3781621528822,0.352831128343707,0.491416851952206,0.308127921111276,0.0950027547576465,5.85902976529999,0.14148433087891,0.121844606060884,15.765145998178,2.89862454130687,11.2369527056724,0.033680904452538,1.89974416654871,2.56501531848584,3.34930463574486,3.84590680882793,3.92010986726794,3.56072591744516,0.328424310378299,0.225195133719592,0.161723441273951,0.116143743447135,0.0834101051074875,0.0599020268123668,0.0430194016852666,0.0308949299354334,0.0221875864917516,0.0159342971600138,0.0114434179705845,0.0082182360184718,0.00590203061960909,0.00423861828212886,0.00304401757624166,0.00218609990042021,0.00156997542061083,0.00112749779680996,0.000809726869044543,0.000581515639593557,0.000417622845457187,0.000299921152880908,0.000215392186815826,0.000154686635790878,0.000111090172977946,3.92010986726794
2.53219340832764,0.689869558113767,0.694220863408409,0.732749247496156,2.80511115765059,2.15931032540323,0.0448308336584037,0.239298635785351,12.5024628602643,1.24704731104709,14.4764493730867,0.0883085046157202,1.99862273638192,0.545022554453338,1.9803353322359,3.78768905556946,3.83694424934454,2.09735869900661,0.130604484595401,0.105359524186132,0.0849242755735202,0.0685090259122882,0.0552667255594283,0.0445840663093316,0.0359662880070124,0.0290142640652897,0.0234060161862198,0.0188818021534787,0.0152320860468767,0.0122878337276043,0.00991268413614411,0.00799663382181168,0.00645094220716442,0.00520402162803432,0.00419812179916467,0.00338665514871748,0.00273203914631978,0.00220395569352556,0.00177794696154566,0.00143428264341049,0.00115704615811542,0.000933397484909888,0.00075297848640301,3.83694424934454
8.50116942102462,0.196901255497895,0.28897633375423,0.569527220977657,0.236863439929672,1.44487358904444,0.143953739917344,0.261469292978058,24.4152577367262,2.97388156076334,18.0179201027632,0.025776747130276,2.22779809173563,2.37874122208548,3.14997557494337,3.61190649883995,3.68969716109099,3.37384816840575,0.391286263641028,0.187013565685593,0.112597154479656,0.0687649741030265,0.0420015062036887,0.0256544650173454,0.0156697138227975,0.0095710407972176,0.00584597925514196,0.00357071651616923,0.00218098899814188,0.00133214523989434,0.000813672577754628,0.000496990150891458,0.000303560936964716,0.000185414624989898,0.000113251011489384,6.91735703358232e-05,4.22511266816255e-05,2.58069331591341e-05,1.57628411649595e-05,9.62792285696655e-06,5.88072274129129e-06,3.59193779258917e-06,2.19395092585561e-06,3.68969716109099
2.66832488305867,0.98047513102293,0.119965718923602,0.989333916136436,2.8836817648937,4.75937571449578,0.19478331514121,0.151783116460894,11.3457796986215,4.78297163623944,10.2049501155292,0.0118818868835847,1.73556572034568,4.60803364963032,5.11393455865444,5.37780351819711,5.40220509391829,5.19168416002969,0.168194402658709,0.0814520930269122,0.0522259154515679,0.0374082263130411,0.0287030664630506,0.0228633161002315,0.018239614028613,0.0145509741012208,0.0116082964783273,0.00926072345338312,0.00738790562768242,0.00589383214370781,0.0047019086448595,0.00375103063093016,0.0029924509081129,0.00238728054194694,0.0019044951984028,0.00151934466729342,0.00121208403148993,0.000966961434766647,0.000771410555733057,0.00061540638964648,0.000490951311985534,0.000391665076599509,0.000312457729479198,5.40220509391829
1.51201121255243,0.796227748543536,0.315179350591777,0.426908258146699,3.84134003272653,2.75118656317238,0.106086502376287,0.275540108428453,14.8245925150113,4.08734372949228,24.2405645189022,0.0215078127561499,2.39916532805492,14.4872684893503,16.3497616995335,17.3723864228499,17.3864828950282,16.3910949653621,0.0703461703640125,0.0558076250268655,0.0484278689255881,0.0420342298165161,0.0364847042718845,0.0316678490748476,0.027486934183543,0.0238580002394448,0.0207081725311565,0.0179741975553825,0.0156011727869199,0.0135414441494464,0.0117536490465842,0.0102018857357925,0.00885499236481068,0.00768592119256502,0.00667119542791216,0.00579043777868124,0.00502596124354198,0.00436241392914799,0.00378647075993238,0.003286565889593,0.00285266044067618,0.00247604090809996,0.00214914417824325,17.3864828950282
1.24338332000142,0.103414645162318,0.503253404817032,0.184187675116258,3.43947411457961,6.34300994689949,0.17889008994021,0.253770315756206,18.253353219612,4.41162840611488,24.0383609975658,0.00645726659734656,2.16938999826948,11.246753181325,12.4696307702735,13.1321758911492,13.1372066871862,12.4844476674158,0.0239932130219021,0.0207870976566177,0.018176773735986,0.0158954589262752,0.0139004654041921,0.0121558578050076,0.010630210908694,0.00929604358458061,0.00812932377999638,0.0071090356363681,0.00621680093533856,0.00543654805609775,0.00475422248093106,0.00415753363438745,0.00363573349593819,0.00317942299832636,0.00278038272430579,0.0024314248521469,0.002126263683038,0.00185940241822168,0.00162603414640877,0.00142195525797801,0.00124348972631162,0.00108742289236405,0.000950943559738693,13.1372066871862
2.12594759087125,0.105752583225118,0.52956064211498,0.324656943962024,2.17088868848281,2.30687120340997,0.0895058582989685,0.0915485962692183,13.5968540471885,3.44176922138594,16.3183967074494,0.117736056271777,2.01956976777376,3.44140473102346,4.08225243770892,4.44902768664305,4.4564310252189,4.10374231637037,0.03375479442214,0.0281243229742324,0.023611108316428,0.0198339406644919,0.0166610223040194,0.0139956889511115,0.0117567401112601,0.00987596527234453,0.00829606584287251,0.00696890952644459,0.00585406395122738,0.00491756488084934,0.00413088147974411,0.00347004710932153,0.00291492917430721,0.00244861577481245,0.00205690047823729,0.00172784951436371,0.0014514382080581,0.00121924557335474,0.00102419776459797,0.0008603525687784,0.000722718373530347,0.000607102095574426,0.000509981436683939,4.4564310252189
9.78515677209431,0.811564379060501,0.424534457776742,0.293862730838219,1.7290223689205,1.89527791495435,0.178621289304127,0.278811072150711,22.5788574880268,1.65482993989438,10.9142492517083,0.00619415567067938,1.99762402436334,0.115721086457045,0.92955337617283,2.01721013571438,3.04039461999444,3.37177130078668,2.74229889400803,1.22340983554659,0.674036455193213,0.367928212847103,0.200759704460943,0.109542617625127,0.0597708450377855,0.0326133690850129,0.017795161524,0.00970975347026613,0.0052980307217829,0.00289081794042191,0.00157734615058151,0.000860663289778433,0.000469612391738956,0.000256239345973046,0.000139814458858068,7.62883734017456e-05,4.16259946507676e-05,2.27128113115711e-05,1.23930203242836e-05,6.76212868067965e-06,3.68968847377452e-06,2.01324193770537e-06,1.09850550740354e-06,3.37177130078668
2.09180281337397,0.129829600087041,0.344309560687141,0.142179483820638,1.07820110471221,8.46585614582104,0.150254650187911,0.222666878957883,15.2357825273275,1.4002175801415,11.5031407595704,0.0275551032685054,1.82599603770221,2.07996714432712,5.78987284765195,9.67720657016181,9.74531774549912,5.9501498508207,0.175043529333714,0.119905504052158,0.0909071712245122,0.0689462206921706,0.0522905023063408,0.0396583975746541,0.0300778999783845,0.0228118159692763,0.0173010399060533,0.0131215323775215,0.00995169150924732,0.00754760656345974,0.00572428966310796,0.00434144147176207,0.00329265553667072,0.00249723059810186,0.00189396084425872,0.00143642628851993,0.00108942087614659,0.000826243473035264,0.000626643285146519,0.0004752616143233,0.000360450047747419,0.000273374143845811,0.00020733364578662,9.74531774549912
2.99748953631334,0.441487685766397,0.811410996850813,0.756994556810102,0.124703339006752,1.74118254797859,0.1843336793182,0.262712607494206,12.6254919850198,2.61391450167075,10.3319343117528,0.133651719986552,2.23956702293894,1.2750249849223,2.69778521933785,3.90213861158307,4.68986468100046,4.90978190382282,3.29886350492319,2.03904029862502,1.27797368371885,0.800980593273706,0.502021225341079,0.314645963722907,0.19720696554186,0.123601100100161,0.0774680138908532,0.048553719759217,0.0304314462712062,0.0190731611656021,0.0119542618384633,0.00749243268390712,0.0046959442817448,0.00294322199846527,0.00184468878089078,0.00115617398216438,0.000724641625668375,0.000454175144700919,0.000284658036132085,0.000178411783383535,0.000111821063908694,7.0084778575695e-05,4.39262158328501e-05,4.90978190382282
1.06146832222445,0.34254274089383,0.822190748712467,0.676946829844732,4.06472731150594,8.037062619125,0.057355892444076,0.194747450854746,10.4772772436333,1.20604571736604,14.5182911787726,0.0534730621692049,2.07224710790307,0.39801556842199,1.57649796183709,3.14165224178554,3.15768777388244,1.61408685359738,0.0411414661947217,0.0329677570122894,0.0264187265476135,0.0211713133526138,0.016966166339122,0.0135962656379659,0.0108957106516085,0.0087315527487249,0.00699725018785342,0.00560742305525962,0.00449365000200233,0.00360109985308752,0.0028858322624433,0.00231263452464911,0.00185328804941369,0.00148517915714368,0.00119018580490605,0.000953785436178565,0.000764340033729639,0.000612523178695712,0.000490860909912887,0.000393363779953045,0.000315231993939929,0.000252619115097862,0.00020244270422944,3.15768777388244
2.2315673445533,0.301463065305119,0.56906048207772,0.853909201470856,3.89738567228848,1.20007825461542,0.151180477542765,0.170560463013826,16.0856127517857,1.1500430553481,15.0312966231057,0.0270024171377642,2.20522711010916,2.45410648816839,11.1522157265845,23.814061669774,23.9765479086704,11.5264441000679,0.40033288090879,0.321287897639484,0.258812999985389,0.208613571214873,0.16815083514938,0.135536260641025,0.109247616476197,0.088057923756218,0.0709781886906928,0.0572112429513854,0.0461145371616347,0.0371701509690815,0.0299606199715641,0.0241494512580034,0.0194654181594439,0.0156899011937781,0.0126466843637299,0.0101937305672279,0.00821655225106004,0.00662286789405927,0.00533829492005139,0.0043028780143745,0.00346829080893152,0.00279558032905726,0.00225334892797579,23.9765479086704
7.64592315946054,0.989060525154276,0.276353276593704,0.902894524574047,0.172492097911891,1.58593112588394,0.126169193180576,0.234486215738463,18.0772043553903,4.19245570394397,21.4607281077994,0.137021484007101,2.23638747590342,8.81805811695163,10.4930370716372,11.3875636368668,11.6037435211864,11.1510871381412,1.30882741917742,0.65626703481837,0.406180955254148,0.255114106360646,0.16023854599426,0.100646703943642,0.0632167432242437,0.0397067809207239,0.0249400454796111,0.0156649784772886,0.00983925834836783,0.00618009178793184,0.00388174933060603,0.00243814790825749,0.00153141398793684,0.000961889471313826,0.000604168018779673,0.00037948122503373,0.000238354225432495,0.000149711587918109,9.40346642335483e-05,5.906368504681e-05,3.70982224407719e-05,2.33015956842397e-05,1.46358592348601e-05,11.6037435211864
1.74272199584125,0.267854261015914,0.468137356470246,0.886108129421854,5.20466306219483,5.31667297265353,0.097506390377311,0.277790736909141,12.2731600967376,1.13567461825535,10.0069944336665,0.0111871736092622,1.88218987635795,1.03465559955699,4.88554865451914,10.632312252002,10.6966935040136,5.0290336928452,0.14528839773678,0.109212854709705,0.0844475646080101,0.0653452491830401,0.0505639400271456,0.0391262113624677,0.0302757343426692,0.0234272641809413,0.018127940376003,0.014027340953591,0.0108543105364997,0.00839902998098945,0.00649914192010137,0.00502901475446843,0.00389143516353103,0.00301117979789393,0.00233004107590376,0.00180297816131594,0.00139513860240506,0.00107955368605254,0.000835355110281059,0.000646395051296254,0.000500178375875622,0.000387036390813798,0.000299487492941103,10.6966935040136
1.08438207670674,0.773282114160573,0.83712897251267,0.130385407439945,0.201673366297502,4.96819271543203,0.169121326409928,0.181752931256429,17.2273875089386,1.37217474468797,12.348079502133,0.042995922059091,1.98732650108128,3.35247038476143,9.69992958412229,16.5018126176929,16.5103374497731,9.72079764674303,0.0243175222588225,0.0195938063927066,0.0157910955410225,0.0127271976942422,0.010257778551707,0.00826749323328751,0.006663376872284,0.00537050229001924,0.00432848019854169,0.00348863845826613,0.00281174863560513,0.00226619366965204,0.00182649106087881,0.00147210260100255,0.00118647504731593,0.000956266932036327,0.000770725391465129,0.000621183907075151,0.000500657498354456,0.000403516459141257,0.000325223397897931,0.000262121299253503,0.00021126270731566,0.000170272052021162,0.000137234687881728,16.5103374497731
2.85151431338023,0.674220710800122,0.235339258975489,0.991118405126641,0.757230528766289,2.04663067785371,0.0902725749716768,0.250534370365436,22.0141973538697,3.46245265300013,12.5232140138415,0.0842549851532257,1.99550398828265,4.130893847546,5.52830625288736,6.31410127590472,6.57793896749757,6.31185536484858,1.47235182495555,0.756815013677116,0.50463966860409,0.348474596777414,0.240658456621274,0.166200047149434,0.114778662094516,0.0792667721710277,0.0547420666503312,0.0378051708057866,0.0261084578480321,0.0180306438689231,0.0124520613289434,0.00859946169792447,0.00593883530931823,0.00410139216501297,0.00283244387411071,0.00195610124006758,0.00135089422119323,0.000932934941948035,0.000644289976418296,0.000444950183602526,0.000307285031794579,0.000212212724576372,0.000146555268927543,6.57793896749757
1.17591165727982,0.218457080222433,0.313842287207721,0.224804137710435,3.71794852046948,3.52722508884501,0.175015941480482,0.292540182666387,21.7478191544698,1.29496690303274,10.7720182960385,0.0364488090803102,1.79658593825452,9.06292064895758,29.8748314013699,54.2465586075484,54.2700267692078,29.9291060137796,0.0583687476906181,0.0436779736426439,0.0359810496454851,0.0296572216377488,0.024444834269989,0.0201485469470494,0.016607351049864,0.0136885359335455,0.0112827154337477,0.00929972848644601,0.00766526023185231,0.00631805697420632,0.00520763062465189,0.00429236659839063,0.00353796425724971,0.00291615145133928,0.00240362498567442,0.00198117730445874,0.00163297666445322,0.00134597382104446,0.00110941299185265,0.000914428770640206,0.000753713885374887,0.000621245349278642,0.000512058742036092,54.2700267692078
1.68604673663946,0.962402150734141,0.876051977570681,0.358903290377557,4.50355079363938,3.5902560315961,0.088447692537168,0.156437662579818,20.2107738708938,1.74300710219145,11.2250607912877,0.0885222837962762,1.6517050629949,2.47668831424216,4.78984585050066,6.66498636227511,6.67783949395607,4.82336245085296,0.0431462456099842,0.0343198927286307,0.0273214732897547,0.0217643539597032,0.0173375388025535,0.0138111267757634,0.0110019781347579,0.0087642033009287,0.00698158627104916,0.00556154908626299,0.00443034391298358,0.00352922304251363,0.00281138790316192,0.0022395586356641,0.00178403801088288,0.00142116914180769,0.00113210689307401,0.000901839182713757,0.000718407348681794,0.000572285090881697,0.000455883734828706,0.000363158123447172,0.000289292669490138,0.000230451264111254,0.000183578053408991,6.67783949395607
2.91047894267458,0.548702705689194,0.508539752592845,0.212449085832387,4.25063662838517,3.03579348266963,0.0540539661306748,0.280210534380865,22.2997943379986,1.16331577221677,15.8834360156713,0.0896681182338026,1.89390794496845,0.634069852621729,2.78044740998253,5.82437863071218,5.83223186890629,2.7988120546509,0.0202866163007518,0.017084480434035,0.0144927677577542,0.0122772153783773,0.0104038538121031,0.00881634562950353,0.00747107289881779,0.00633107328195722,0.00536502446761761,0.00454638356819611,0.00385265783481911,0.00326478665285224,0.00276661783777195,0.00234446384225155,0.00198672568093158,0.00168357423993474,0.00142668021487639,0.00120898525722195,0.00102450804107254,0.000868179921924009,0.000735705672005232,0.000623445465798324,0.000528314873208886,0.000447700112625444,0.000379386235385389,5.83223186890629
7.55652277897857,0.910873348168517,0.78253939842605,0.762220960252033,1.44769106796384,1.50536999139143,0.113573721774942,0.269273539061425,12.6493186386442,4.34963625642285,12.3542945569782,0.0177127924394563,1.99415559378719,0.76899509875056,2.27903025409175,3.19517315810804,3.77590954609217,4.05651934744767,3.30344707754655,1.78476522262337,1.0308688166045,0.589763405149227,0.337349789465711,0.192966454339823,0.110378164743216,0.0631370840240596,0.0361148546750595,0.0206579500520335,0.0118164922492994,0.00675911640438834,0.00386626196710524,0.00221152894904711,0.00126501006245445,0.000723594623892961,0.00041390119751888,0.000236754386575248,0.000135425168854255,7.74641459610698e-05,4.43100345425331e-05,2.53456503864916e-05,1.44978897028e-05,8.292894547571e-06,4.74359381503304e-06,4.05651934744767
1.32364308143454,0.135948642614111,0.803970563788526,0.454930807538982,2.67955097537395,7.81406703115161,0.154739747657343,0.299712737318827,20.8387106912793,4.81738775736094,14.8542344299002,0.0194064711830842,1.85227185480747,7.91289672293679,8.64193804254994,9.03706700748914,9.05047077581238,8.68169701731497,0.0648456524679174,0.0532233203661575,0.0436925867278005,0.0358765486091569,0.0294586985230395,0.0241889187314366,0.01986183432165,0.0163088092940665,0.0133913744462314,0.0109958309233788,0.00902881912390708,0.0074136802703016,0.00608746884791704,0.0049984994797803,0.00410433263373699,0.00337012066051049,0.00276724970413979,0.00227222455705837,0.00186575300016307,0.0015319939425898,0.00125794005955069,0.00103291086826842,0.000848136486064493,0.000696415848735955,0.000571836069240448,9.05047077581238
5.33932009147434,0.484207016770774,0.796339240899635,0.47536256655613,0.343292999576777,1.9753142158296,0.190627364433613,0.133730574860587,21.8451943016774,1.90996738733351,16.8366017329119,0.00821670927783957,2.18509005433325,1.98109314753575,3.6488400467523,5.03084594759557,5.34404048189971,4.46426505012993,1.04667661401647,0.672982718658414,0.437366150336218,0.284247828982148,0.184734993329465,0.120060785994696,0.0780284886684159,0.0507113541980782,0.0329577246527419,0.0214194953272828,0.0139207055374563,0.00904718060344736,0.00587983681223086,0.00382135412720035,0.00248352936174665,0.00161406608373471,0.00104899477445499,0.000681750300011276,0.000443075106649895,0.000287958142638498,0.000187146356600895,0.000121627950748126,7.90470018828469e-05,5.13732942779574e-05,3.3387924937745e-05,5.34404048189971
1.9601773561663,0.915228706954466,0.832611655483115,0.773281259767199,5.05906172376964,3.50202478567325,0.191246939167129,0.165380212530145,13.8821925348556,1.43828251764737,10.4003375208644,0.0701247247272811,1.84286304415283,2.48688438662679,6.56580406559428,10.6937711453904,10.7850262499487,6.78968959625898,0.260040544698876,0.198076264023248,0.151042131488365,0.115289328127777,0.087999481011549,0.0671693450214165,0.0512698581712546,0.0391338988948373,0.0298706120386726,0.0228000145337584,0.0174030803944212,0.0132836409716428,0.0101393037016642,0.00773925460452034,0.00590731509736292,0.00450900938691784,0.00344169310697353,0.00262701858127799,0.00200518361512115,0.00153054164100892,0.00116825097572029,0.000891717223303179,0.000680641080437225,0.000519528240872863,0.00039655201665393,10.7850262499487
6.09567659324128,0.444250585368229,0.813902705512196,0.754532333346363,0.393689291622955,1.72718296339456,0.112942999171698,0.189857654786669,15.4453547614533,1.25608307655901,18.7631582843318,0.0062962003957591,2.05833238409806,0.748453473969114,2.74157577946878,5.35805941138653,5.7874384947597,3.71177520652755,0.974313433907594,0.633418549898497,0.415176378483597,0.272135073955751,0.178376003843727,0.116919874717213,0.0766373100042748,0.0502333525322065,0.0329263867231808,0.0215822135691535,0.0141464639427479,0.00927256332823531,0.00607787437370312,0.00398385598403389,0.00261129262068948,0.00171162039445755,0.0011219134736243,0.000735379086611752,0.00048201792182621,0.000315947626458532,0.000207093757605151,0.000135743461406083,8.89755805672924e-05,5.83207018253987e-05,3.82273904774336e-05,5.7874384947597
1.91440414022515,0.415415291215805,0.696247072101058,0.72082356517571,0.833235678769182,6.94275900293048,0.164234569011088,0.18850246493239,24.0780645513255,3.14822390204668,11.470141670151,0.0428578928014042,1.77944996414815,3.62507780935827,4.45186390459836,4.93900225724788,4.95385424421863,4.4946483385944,0.0661330686465286,0.0518677146428373,0.040865209346704,0.0322276353867265,0.0254157631710086,0.0200436988259727,0.01580711387351,0.0124660049614364,0.00983109762744127,0.00775312386440328,0.00611436605908503,0.0048219882667087,0.00380277703683236,0.00299899385730561,0.00236510425645395,0.00186519826650188,0.00147095611699491,0.00116004391435709,0.000914848422525456,0.00072147926974047,0.000568982056315292,0.000448717785786343,0.000353873464103421,0.000279076142206222,0.000220088537426775,4.95385424421863
1.3826129939137,0.883075899990648,0.458797064355202,0.816286138643976,2.74204732623603,2.50309219938004,0.153970092348736,0.199014842952369,13.3244444072293,3.07089735450968,10.0244813048115,0.1023155736937,1.6803258041879,16.7244545076291,20.7634770067343,23.158442953948,23.2330879857706,20.9776603839876,0.335015340832114,0.253184268372142,0.198490172181308,0.155682277169408,0.12210665727534,0.0957722100553098,0.0751172493256896,0.0589168939820759,0.0462104300630733,0.0362443384619676,0.028427609713923,0.0222966959348742,0.0174880214909094,0.0137164222250573,0.0107582346438617,0.00843803221811869,0.00661822223357497,0.00519088626361696,0.00407138038748571,0.00319331563393921,0.00250462098046764,0.00196445543594872,0.00154078608696745,0.00120848848100605,0.000947856695407825,23.2330879857706
2.26224997358024,0.935906259829691,0.907838570436323,0.269441044312576,3.06388266099477,1.7853861508281,0.114993127468429,0.215580900318804,14.7087764894031,4.43079682133347,13.4956079336781,0.116667208886736,2.1923739359187,9.41363443379541,10.4523249245249,11.0239347177761,11.0471135977206,10.5209576448812,0.11086292492134,0.0890387763766555,0.0710124286190271,0.0566879127368297,0.0452529157635983,0.0361245684704294,0.0288375770965118,0.0230205062097284,0.018376845751589,0.0146698972082103,0.0117107085192164,0.00934844273791466,0.0074626895102602,0.0059573274702401,0.00475562470324956,0.0037963275363225,0.00303053829146552,0.00241922285370954,0.00193122100862209,0.00154165813142179,0.00123067726768083,0.000982426976718813,0.000784253345642223,0.000626054989049017,0.0004997681571795,11.0471135977206
1.44926368647302,0.735089388396451,0.127575961469766,0.574032406735001,4.66912683918606,1.38508318725601,0.0334469345448585,0.173699903385597,23.4440971426386,2.67752115711197,13.6265994910523,0.00824214658923457,1.95687911709122,6.40924709286555,8.48123544305725,9.75646993911809,9.76211683995021,8.49726215625101,0.0260264229128137,0.0142120217460518,0.0098087839055101,0.00749282814593377,0.00611803972276647,0.00510856272795917,0.00426571635874191,0.00356192867196382,0.00297425679467814,0.00248354312940572,0.00207379083294177,0.00173164233303347,0.00144594388301945,0.00120738195928634,0.00100817964841471,0.00084184312649375,0.000702949966049329,0.000586972369575341,0.000490129567231171,0.000409264566998175,0.000341741239457377,0.000285358382237742,0.000238277962714059,0.000198965199725397,0.000166138531028397,9.76211683995021
1.66678503662907,0.67370484984424,0.864647057611169,0.284630656059319,6.24375840492593,4.70756473652739,0.150032041256013,0.0759168414893793,20.1181634400063,2.03063340319879,10.0001919011167,0.0360682806946097,1.71563209081726,2.02963285962983,3.30019975080912,4.21003177918019,4.21562286404549,3.31525377103895,0.020491130644471,0.0160261014167391,0.0125588003566838,0.00985000414907211,0.00772546573096965,0.00605916706806761,0.00475227084518401,0.00372725787757296,0.0029233290227994,0.00229279885005053,0.00179826715562763,0.00141040055168288,0.00110619254206029,0.000867598880792976,0.000680467268881801,0.000533697903801229,0.000418585089316451,0.000328300852879694,0.000257489941119444,0.00020195217038306,0.000158393290802425,0.000124229586261161,9.74346200172305e-05,7.64190356229049e-05,5.993628347391e-05,4.21562286404549
1.29623147224169,0.570505377581157,0.739289336526999,0.72659653567709,3.78682264076918,2.66869438785641,0.0869250541799096,0.221139209813671,24.2494806492678,1.00745687140711,10.9809456527963,0.0145126532572079,1.56290270852221,1.03867780110207,7.4552940579261,19.9874705580289,20.0489072041123,7.58904314679055,0.132591297743144,0.104324655891003,0.0824446287161776,0.0651676577398887,0.0515112225212631,0.0407166090919814,0.0321840984314609,0.0254396477247406,0.0201085538480162,0.0158946358940865,0.012563780176092,0.00993093351524236,0.00784982219538008,0.00620482539778376,0.00490455162661482,0.00387676124886931,0.0030643530591411,0.00242219189376432,0.00191460104530557,0.00151338016286874,0.00119623851819194,0.000945556594116776,0.000747407192696672,0.000590781678400152,0.000466978368610905,20.0489072041123
1.18055570083903,0.972872082872968,0.944568222476356,0.83971221011458,0.670603264275938,1.76017367877578,0.0292228286389541,0.128445939796744,12.9131619543815,2.80452527278848,10.1252139843173,0.00891359885488122,1.85325430649368,2.0841776580333,2.70441047907848,3.08617350066494,3.10214526178258,2.74975739608071,0.0682172969063749,0.0511418504807938,0.0384380916571044,0.0288966340661329,0.0217236450721425,0.0163312015558765,0.0122773200985812,0.00922973048169816,0.00693864166452989,0.00521626804208615,0.00392143788401455,0.00294802240876314,0.00221623709966095,0.00166610228854218,0.0012525270136079,0.000941613207428049,0.000707877293479861,0.000532161463615243,0.000400063437499031,0.000300756001639641,0.000226099573326686,0.000169975052134883,0.000127782277176267,9.60629819213471e-05,7.22173426517052e-05,3.10214526178258
1.0415577256633,0.898734516475722,0.136152679887926,0.640158286115062,0.752718877761159,4.81237172033126,0.028124610459106,0.284959643112496,16.7912843639031,3.05450234465301,15.0582948653005,0.0497519115312754,1.62164901343238,3.47313969390892,4.31151688645588,4.80386024728449,4.80801488961327,4.32366047731782,0.0209647615783159,0.0120595760587765,0.00869208990553419,0.00691261466759035,0.00584045981594248,0.00498539671338893,0.00425551785380112,0.00363249571601491,0.00310068611628083,0.0026467352320085,0.00225924428518364,0.00192848331726075,0.00164614686837672,0.0014051454259483,0.00119942740589754,0.00102382719642489,0.00087393544868592,0.000745988357348768,0.000636773150850721,0.000543547418200283,0.000463970246605791,0.000396043440787844,0.000338061347982099,0.000288568028729693,0.000246320698009293,4.80801488961327
2.62854895221768,0.210342414100096,0.519908836773504,0.874832611360541,0.381730422183871,2.40206104503386,0.0725040330801671,0.244912147474824,18.5536144140549,4.71587303082831,16.0000126031693,0.0152069830938093,2.18918238681457,2.84519647071731,3.14288639744396,3.31241085377371,3.33524861522497,3.21064418181435,0.111339531801341,0.0897022214088798,0.0730372703898938,0.0595299942691011,0.0485207100260409,0.0395474471371335,0.0322336704105323,0.0262724798526676,0.0214137325603263,0.0174535462482668,0.0142257439604323,0.0115948809685525,0.00945056125351585,0.00770280507826631,0.00627827326675301,0.00511718975250258,0.00417083326107936,0.0033994928726681,0.00277080167628954,0.00225837859259952,0.00184072137358485,0.00150030432730629,0.00122284290650211,0.000996694301792975,0.000812368887241832,3.33524861522497
1.57231806686381,0.636047283182852,0.599454613578506,0.3561160821673,5.4152016719589,9.93216578219319,0.157606992007541,0.270564700077754,22.3754419640638,1.25237818105146,10.9142492517083,0.00619415567067938,1.99762402436334,1.53952885303985,5.51228708438597,10.4334725909367,10.4449765295093,5.53944181336039,0.029953062728757,0.0236374361469186,0.0187774381960862,0.0149244917309214,0.0118621321571764,0.00942813878363351,0.00749357701850238,0.00595596838579687,0.00473386198941101,0.0037625198596134,0.00299048762419585,0.00237686884432489,0.00188915862998812,0.00150152177634031,0.00119342420961148,0.000948545246914802,0.000753913049692163,0.00059921747364707,0.000476263915143204,0.00037853922297518,0.00030086668079312,0.000239131783755536,0.000190064283128181,0.000151064953197306,0.0001200679039159,10.4449765295093
6.25707138923416,0.516790357191954,0.676609532383364,0.938748698355025,0.466263771809638,2.48725967177749,0.109992979838052,0.191892213406507,20.0032263472816,2.59025481212698,10.0966024757206,0.0224843865010562,1.72669344585273,2.19068664516739,3.20541532051595,3.90035338795111,4.07936310725106,3.70690560677742,0.760657419353645,0.425458447812736,0.251261654180352,0.148561783860165,0.087841306102306,0.0519386540386206,0.0307101969765248,0.0181582718307392,0.0107365913716756,0.00634831306397397,0.00375361950204901,0.0022194336076683,0.0013123028416036,0.000775936140702359,0.000458794171103145,0.000271275019161315,0.000160399021294893,9.484045420837e-05,5.60770987380675e-05,3.3157169368548e-05,1.96051134038462e-05,1.15920773378551e-05,6.85414331949809e-06,4.05270593658261e-06,2.39627691558456e-06,4.07936310725106
2.16989946652297,0.917515345934639,0.700985108325444,0.667194252489833,4.34034814528283,1.40697994978167,0.0282560437072115,0.276148100477993,23.275189447056,1.85809435839951,14.5705788515157,0.0144763625400873,2.08961623745596,2.20044943322807,3.93712173300165,5.27218960992115,5.29075938165887,3.98637888263592,0.0652938913685052,0.0527360891460267,0.0425483071383739,0.0343559983784333,0.0277410478575141,0.0223997488809981,0.0180868708532171,0.0146044002099716,0.0117924491872557,0.00952191502798278,0.00768855259500408,0.00620818825125215,0.00501285526589589,0.0040476733146345,0.00326832880523537,0.0026390403446126,0.00213091593763054,0.00172062649307999,0.00138933473461199,0.00112183034061293,0.000905831605420443,0.000731421559636168,0.00059059266059996,0.000476879148774392,0.00038506019073225,5.29075938165887
1.27076803271892,0.336138964940002,0.393551026805211,0.422344356200844,1.53220073605888,1.83945601548301,0.0435411685507838,0.181089099839213,19.1124941286724,4.84035232490487,11.037900490672,0.032947408989814,1.91753416129522,7.92204025359486,8.63846399196724,9.02262263390681,9.02938397569128,8.65854099504106,0.0343945798084275,0.0261842744695655,0.0211393665836877,0.0170715756000979,0.0137865386047815,0.0111336323695888,0.00899121768666177,0.00726106205102967,0.0058638355722516,0.00473547359556388,0.00382423925397905,0.00308835126551539,0.00249406820697368,0.0020141414257162,0.00162656565343438,0.00131357003592294,0.00106080331625814,0.000856675810965628,0.000691828007930936,0.000558701420574032,0.000451192021388192,0.000364370364326582,0.000294255563276685,0.000237632763244309,0.000191905735063565,9.02938397569128
1.10402806137921,0.160871228561504,0.973136605661595,0.538637989252107,3.15455885534873,3.86274523742497,0.0777465636705747,0.0853750652606832,20.4207521583,1.70525866389275,11.2139825426615,0.0651290556589809,1.8334260847678,1.19309042114524,2.37691767192474,3.35720911451204,3.36487041039743,2.39670732772931,0.0250418935532612,0.0194171433112235,0.0150660562816878,0.0116911126328921,0.00907218930025531,0.00703993035428537,0.00546291724664452,0.00423917046644077,0.00328955490852098,0.00255266250362892,0.00198084118935202,0.00153711343033216,0.0011927850200249,0.000925589534201404,0.000718248444975662,0.000557353783343142,0.000432501096215288,0.000335616629540835,0.000260435228974025,0.000202095195889205,0.000156823899602226,0.000121693815522171,9.44332131384211e-05,7.32792517465301e-05,5.68639841647819e-05,3.36487041039743
1.87432483039703,0.128483248984301,0.329457289036736,0.56654428777541,6.63071436172631,8.12088084524311,0.19421366722296,0.0794707840747433,21.4598588537867,3.24626665208675,11.0169782612091,0.0161971150055093,1.90070353506393,2.34011904286209,2.83436003287163,3.1200411820611,3.12367865652568,2.84484523081653,0.0172846685157748,0.0124689820680273,0.0100333350009104,0.00808297409773294,0.00651174014186754,0.00524593536518974,0.00422618797067901,0.00340466733197464,0.00274284052716966,0.00220966497573232,0.00178013240529757,0.00143409585398361,0.0011553246894964,0.000930743321272583,0.000749817897920321,0.000604062223377364,0.000486639717088215,0.000392042748383858,0.000315834304441863,0.000254439874920535,0.000204979791742335,0.000165134160028358,0.000133034044851359,0.00010717380998863,8.63404969782305e-05,3.12367865652568
3.69114806449227,0.407810319550242,0.209010422893986,0.766173672290659,0.452856646684464,2.61510441056872,0.133698653338742,0.126797769921832,18.8623833421967,4.18053530658595,10.0207166951328,0.0518584664261333,1.7397569664493,2.15649577348161,2.73367181197148,3.01768376317785,3.10858511052746,3.01799360029768,0.612881075038342,0.274457032333958,0.169683675863741,0.112590731032639,0.0749159653220026,0.0498484338624904,0.0331687175825675,0.0220701783606443,0.0146853061671283,0.00977147595721136,0.00650185575265808,0.00432627869254472,0.00287866849674739,0.00191544116851127,0.00127451801906976,0.000848053288001983,0.000564287337278473,0.000375471923190399,0.000249835776545787,0.000166238569083177,0.000110613708863497,7.36014070410951e-05,4.89737409022547e-05,3.25867044456063e-05,2.16829118421685e-05,3.10858511052746
2.93399737493973,0.310957306651352,0.870031607193733,0.562560349188698,0.552301303111017,2.5540601979387,0.167342105381363,0.23825667946809,12.3249646848207,4.67039086771384,10.8184992403695,0.0140274588299907,1.57241021518552,3.17155611759361,4.26514977949257,5.02402362021249,5.47561055188774,5.62468239644511,2.32475607296862,1.58371565283847,1.09969372471419,0.763622567150312,0.530256231246425,0.368207649811663,0.255681810775046,0.177544351386093,0.123286035144835,0.0856092933572435,0.0594467256613202,0.0412795510074475,0.0286643429460655,0.0199043966437827,0.0138215275507444,0.00959760937519372,0.00666453873355694,0.0046278270759669,0.00321354324751824,0.00223147063063793,0.00154952362294477,0.00107598254940503,0.000747157661538068,0.000518823071529212,0.000360268512801789,5.62468239644511
6.5086987195136,0.926190188932046,0.239095217261696,0.171337430716539,0.578750209526159,2.07098311906075,0.109317597160731,0.119263099154457,21.1531583170849,3.47259352908842,17.3183145243829,0.117116311776343,2.25204327872731,2.84906384234425,3.58786396942513,3.99934665541969,4.08248335973382,3.83681553560488,0.478674000358952,0.222570131356701,0.134256365716989,0.0842280167979366,0.0528602435127503,0.0331743330554005,0.0208197371793373,0.0130661694237114,0.00820014114196565,0.0051462913550031,0.00322973888522266,0.00202693795340411,0.00127207728332302,0.000798337517942686,0.000501025213565078,0.000314436261595546,0.000197335702730116,0.000123845066008343,7.77233929899051e-05,4.87780903414332e-05,3.06124321885738e-05,1.9211924817302e-05,1.20571293739106e-05,7.56688202867217e-06,4.74886698570044e-06,4.08248335973382
1.85350561100245,0.57402387242117,0.135290621653479,0.19833585321554,2.79934406376211,7.65886160285631,0.138799954429497,0.173259794628015,20.3994828766561,3.16867497004569,11.7284751497705,0.0740239015036958,2.09426362734506,4.87854041285409,5.9568370637343,6.58230986941613,6.58375050750595,5.96108830969985,0.00747746198192972,0.00417630571223442,0.0029076224639625,0.00223933672005645,0.00183560648637425,0.00152246150705467,0.00126273773989493,0.00104732145434646,0.000868654031695981,0.000720466313040936,0.00059755862436206,0.00049561832813853,0.000411068499679091,0.000340942418459549,0.000282779470564642,0.000234538809615137,0.000194527746677835,0.000161342356472479,0.000133818215841476,0.000110989545972407,9.20553247381064e-05,7.63511800898802e-05,6.33260782872026e-05,5.25229889900707e-05,4.35628487830445e-05,6.58375050750595
1.2561480976725,0.573118424254516,0.374603406317765,0.59304734981209,6.97988238540338,4.09537968684127,0.151489871082311,0.25403533573926,17.0048730051913,3.58176712683216,13.8520581958928,0.0781735712407547,1.82267618918097,15.4749105829995,18.1194480763209,19.6140604681033,19.6399569465329,18.1947737184845,0.123323622985192,0.0959924995154383,0.079515382216329,0.0658785839897985,0.0545804812545242,0.0452199903755792,0.0374648131084031,0.0310396399820021,0.0257163767886568,0.021306047219608,0.0176520841895735,0.0146247716915332,0.0121166398671384,0.0100386498173454,0.00831703271371473,0.0068906709985517,0.00570892870626653,0.00472985388216669,0.00391868928439975,0.00324663849882719,0.00268984366380528,0.00222853851401347,0.00184634667630297,0.00152970030702065,0.00126735843237497,19.6399569465329
1.84473504349869,0.778743928492023,0.144558245505299,0.716557620502775,3.24491845886735,3.71547045249864,0.0355716754540149,0.214087608350907,13.2218922460917,4.17295021020062,15.9160507577562,0.0181716159325522,2.38080016250445,2.52169086961502,2.8369699168774,3.00893222175696,3.0121919984715,2.84707910624199,0.0195331590899199,0.0112124215177132,0.00794150596253516,0.00621673167171814,0.00513225711900521,0.0042520576266099,0.00352281533093033,0.0029186405607894,0.00241808381163022,0.00200337424163191,0.0016597887685823,0.00137512936877333,0.00113929002090905,0.000943897920601417,0.000782016227794858,0.000647897794016585,0.000536781126237397,0.000444721343621747,0.000368450125769257,0.000305259680306332,0.000252906610429825,0.000209532269492364,0.000173596775046664,0.000143824339704925,0.000119157977940543,3.0121919984715
2.77746847575018,0.170213001562702,0.755517337655462,0.781406042244425,1.27867136518937,1.96501443853881,0.134705477311281,0.200851596633787,16.3129188166512,3.7266510135401,11.4712441106049,0.124537840745431,1.83439744655063,2.92427874388129,3.46293875094438,3.79528377382626,3.86488746399462,3.66694363146184,0.324528024524132,0.25267262171601,0.196543094312134,0.153152676567713,0.119341472784043,0.0929946994427318,0.0724644494717534,0.056466620879594,0.0440006002502306,0.0342866775490059,0.0267172777340325,0.0208189588652084,0.0162227998131377,0.0126413254131051,0.00985052580570024,0.00767584533091562,0.00598126462549278,0.00466079304335123,0.00363183927699281,0.00283004553328644,0.00220526215771961,0.00171841093264069,0.00133904085874003,0.00104342354166641,0.0008130690562562,3.86488746399462
1.32991488339799,0.630021586481528,0.845536821841169,0.606491321585095,3.99173262495827,9.04536135657458,0.189399475603206,0.251043036267161,13.7574635915202,3.92567783870175,16.1170692670261,0.00601205858712263,2.35867778963097,5.24889502112462,5.99782390861737,6.4190004441599,6.43720621778471,6.05124336812037,0.0851768326176771,0.068837444376178,0.0554897528059903,0.0447388792185858,0.0360709358488865,0.0290823649528072,0.0234477961645229,0.0189048980667562,0.0152421646967053,0.0122890683578995,0.00990812027754641,0.00798846947345879,0.00644074180982603,0.0051928789611914,0.00418678355720526,0.00337561431450375,0.00272160522381764,0.00219430725912196,0.00176917074721117,0.00142640239637202,0.00115004377027065,0.000927228303108883,0.000747582264528928,0.000602741784697602,0.000485963453466181,6.43720621778471
5.33382346816687,0.88643582135085,0.853404184705298,0.410826411496475,0.776709487177897,1.12094000485213,0.199095182610704,0.150658250134788,17.5865219828114,1.52211772943661,13.5315766705854,0.0376692912090937,2.05595917677566,5.28099086364335,13.1448556536199,21.1308027795889,22.6700654374188,16.8462592644461,4.10492121878249,2.50626358631701,1.55129373065067,0.960259359347816,0.594405999160965,0.367940691081854,0.227757378535345,0.140983111503047,0.0872693471311319,0.0540202217662619,0.0334388242333574,0.0206988222104482,0.0128126885655579,0.0079311270278501,0.00490941269742021,0.00303895435652689,0.00188113001499012,0.00116443016846791,0.000720788890940094,0.000446172419242998,0.000276183262806842,0.000170959009043864,0.000105824598046828,6.55060275006844e-05,4.05486032417606e-05,22.6700654374188
1.48797805469623,0.692100284754718,0.502541723130643,0.48896896873666,2.00532244517515,4.47277774332743,0.111760984549387,0.193817568917177,15.3180241064006,1.11262965958565,11.8836508320785,0.00634787248916387,2.40345066739253,1.03593369800922,5.21361301691262,11.7010280201291,11.7210262576878,5.25856475948144,0.0463155502646553,0.0360824999731162,0.0284247983896257,0.0223997535475454,0.0176518036161005,0.0139102499605635,0.0109617724156452,0.00863826709319153,0.00680726214191523,0.00536436502470217,0.00422731070411711,0.00333127140059488,0.00262516051484309,0.00206871998704766,0.00163022503218865,0.00128467538971658,0.00101236996387387,0.00079778358950291,0.000628681883493199,0.000495423716196996,0.000390411534060344,0.000307658194277087,0.000242445615070611,0.000191055779954382,0.00015055875951115,11.7210262576878
2.55057349005621,0.797196435346175,0.150998901715735,0.945829010946816,0.293284482864663,2.97498457663227,0.195834142275276,0.190386269167881,13.246915984212,2.64125963716954,15.8834360156713,0.0896681182338026,1.89390794496845,7.80188341139625,11.2581402983134,13.454569407568,13.9025581943415,12.5274531614725,2.10712501673491,0.997780235090818,0.633363181725544,0.445963006524191,0.329770378486805,0.244274724844908,0.180944527122629,0.134033195274274,0.0992840055519186,0.0735438242613001,0.0544769931159698,0.0403533921273158,0.0298914489041867,0.0221418490612307,0.0164013956440207,0.0121492011948849,0.00899942254166868,0.00666624947470674,0.0049379703923603,0.00365776163767782,0.00270945735493805,0.00200700862589163,0.00148667541013114,0.00110124278818933,0.000815736690248925,13.9025581943415
1.23234638147149,0.639689381127246,0.500188629687112,0.701378511554375,4.43630105958832,4.16962062878255,0.0685431824643956,0.246928977281903,15.9572401384311,3.91146633394994,11.1016341765247,0.0271617723627065,2.01393594686608,5.92919703064445,6.77497018190691,7.24688654018918,7.26030621607003,6.81437348542761,0.0640311920528955,0.0492822010341424,0.038751904659719,0.0304792866474118,0.0239726775424772,0.0188550760785074,0.0148299618720674,0.0116641146506783,0.00917410117152294,0.00721564686441414,0.00567527637841465,0.00446373867466246,0.00351083570686681,0.00276135505659817,0.00217187085504639,0.00170822763256348,0.00134356130700566,0.00105674264440609,0.000831153004096915,0.00065372143338433,0.000514167319807074,0.000404404719283876,0.000318073846156408,0.000250172579063725,0.000196766631622219,7.26030621607003
5.00478639232321,0.490194312356459,0.679101814975869,0.440519935977133,1.20722760097869,1.10047826355277,0.17795716160798,0.158290914398618,10.5406254179124,3.10090883038193,11.0075937471884,0.0261742273712199,1.67100901323161,0.685829116398373,2.16279114548776,3.30523277833578,4.13625276973937,4.56295636462269,3.8733135106689,2.36229532669384,1.51611079106264,0.969583054760525,0.620045274415622,0.396516831504144,0.253571156113141,0.162157886126008,0.103699412961279,0.0663154195298127,0.0424084837303426,0.0271200801421258,0.0173431983937926,0.0110909159910355,0.00709260280180953,0.00453569520721967,0.00290056155514152,0.00185489918320992,0.00118620167662511,0.000758571910739315,0.000485104139625711,0.000310222436327076,0.000198386185858507,0.000126867286594998,8.1131195393897e-05,4.56295636462269
1.00883056947496,0.791930297739105,0.221833205852518,0.185181397263473,2.39540161147714,7.60301395838614,0.12862010668491,0.234620509046945,20.1065161576611,2.78910962863266,15.4074563960612,0.00772980520240738,2.30607513374476,6.97384167199036,9.02090920447949,10.2600324121222,10.261789604962,9.0259636770947,0.00820270842074534,0.00560119148286746,0.00455663868096822,0.00384399782020713,0.00324282642285413,0.00273567356190499,0.00230783546864006,0.00194690792954269,0.00164242665372923,0.00138556388411953,0.00116887245626301,0.00098606988437676,0.000831856214649297,0.000701760364873184,0.000592010495364903,0.000499424652866438,0.000421318516890546,0.000355427573821323,0.000299841462380565,0.000252948586953749,0.000213389392960946,0.000180016949596831,0.000151863697124291,0.000128113394632581,0.000108077454948623,10.261789604962
2.03854498974048,0.789314122795314,0.703416597765079,0.190371932611382,2.85207055496378,2.73863087878982,0.0986937258285377,0.11872053753084,23.4848365479778,3.06149256959371,10.9003976469625,0.00905563421568001,1.85067872506181,4.37875641392281,5.42447365313477,6.03906886245694,6.04309370878439,5.43603480080095,0.0177453131653292,0.0141806721804596,0.0113678222834133,0.00912430974174275,0.00732356877313819,0.0058782155684075,0.00471811207609671,0.0037869624384396,0.00303958114577403,0.00243970033818228,0.0019582098501967,0.00157174459395467,0.00126155073133633,0.00101257561429297,0.000812737331280154,0.00065233841338119,0.000523595249282297,0.000420260373216467,0.000337319296800536,0.000270747173051764,0.000217313484318261,0.000174425276298327,0.000140001330829538,0.000112371171483831,9.01940010557864e-05,6.04309370878439
9.20112609239994,0.728295167719992,0.464589741557091,0.705405223305197,0.425962072307244,2.81539572359063,0.197778508070689,0.161169117817422,21.4806307988102,3.35423692929558,12.8035972217845,0.0112544072468735,2.11103397671634,3.59173561689711,4.54511550449954,5.10258645181797,5.21254497015669,4.87137223185199,0.584748004831982,0.286403172812445,0.159353541154019,0.0889850256420657,0.0496948206505189,0.0277527670722447,0.0154989214667556,0.0086555897772209,0.00483383534491362,0.00269952305309968,0.00150758645966216,0.000841932774284567,0.00047018915026494,0.000262583716632306,0.000146643554412471,8.18951469155371e-05,4.57354918468347e-05,2.55416260130726e-05,1.42640787953054e-05,7.9659745901708e-06,4.44871008313795e-06,2.48444445680323e-06,1.38747280945022e-06,7.74853618437135e-07,4.32727858051187e-07,5.21254497015669
1.78980044039898,0.100297808182333,0.514566942767007,0.204416102974163,3.90934558802284,1.92628719735518,0.146267371473922,0.219021919068298,21.9682007804862,3.74031758267246,17.2765468765246,0.068172901593953,2.1732714022388,20.3452407871368,23.4850217583854,25.2369068213011,25.2486893618845,23.5194295460201,0.0547441343060275,0.0458546903545908,0.0387468186138063,0.0327537148702367,0.027687585101982,0.0234050510550211,0.0197849112831776,0.0167247109849493,0.0141378423954782,0.0119510936708714,0.0101025768950166,0.00853997656871168,0.00721906901100848,0.00610247076984279,0.00515858062029812,0.00436068520764125,0.00368620302362218,0.00311604531956356,0.00263407586922126,0.00222665429198136,0.00188225001182836,0.0015911159266108,0.00134501255200188,0.00113697483306302,0.000961115023867117,25.2486893618845
2.07762593759038,0.768575470731361,0.641815953283431,0.166542866479093,6.87660620860709,5.17206907507079,0.173704334146427,0.215215706187766,16.0051235750015,3.32034270918369,15.189316201391,0.0904769210955988,2.17259229292618,6.8617271206305,8.23346468984775,9.02165975202361,9.02832944318793,8.25277142767866,0.0299864428762817,0.0248732083002207,0.0205952529475559,0.0170642596375387,0.0141386443623181,0.0117146169039973,0.00970618156102484,0.00804208633262528,0.00666329515626423,0.00552089352229089,0.00457435316456282,0.00379009426457165,0.00314029416128658,0.00260190030406141,0.00215581243175676,0.00178620496475702,0.00147996557080914,0.0012262299870376,0.00101599659530474,0.000841807077450816,0.000697481821219957,0.000577900690031519,0.000478821379107495,0.000396728913886298,0.000328710951475849,9.02832944318793
1.59096358594764,0.961314094365062,0.537769351301203,0.68353013298898,4.96263850142201,8.51502014623117,0.136365243694242,0.286276769564254,19.3066555830953,1.76325620384328,10.1424899069247,0.0186222517104041,1.91308157372274,3.23699891380353,6.16939203814352,8.52294897099794,8.54310742754123,6.22177698463202,0.0671910996786646,0.0513772828375839,0.0399768634708,0.031128061759158,0.0242379252658087,0.0188729072094599,0.0146954255626551,0.011442621429267,0.00890981922335465,0.00693764790555905,0.00540201290901008,0.00420628776011115,0.00327523406901685,0.00255026731850733,0.00198577056136911,0.00154622407376046,0.00120397035427286,0.000937473836144878,0.000729965808823332,0.000568389283526382,0.000442577410781096,0.000344613753655734,0.000268334163280073,0.000208938913259929,0.000162690687389918,8.54310742754123
1.1990198030835,0.534733228747127,0.435261715230578,0.373509789420525,0.562765951616224,1.27801347738458,0.14811140965248,0.149007000759128,18.8353256131127,1.87398054739088,13.6346370906933,0.0401425882518697,2.18901026288387,17.3474360571206,30.6777702158369,40.8051772584518,40.8365852976231,30.7610161835031,0.111088902180168,0.0883122644333942,0.0723042520154952,0.0592061643249072,0.0484808264570774,0.0396984091227895,0.0325069476337345,0.0266182365442887,0.021796279512642,0.0178478314971308,0.0146146542562554,0.0119671747833464,0.00979929253091093,0.00802412731867131,0.00657053751820824,0.00538026897675515,0.00440562042024939,0.00360753177418772,0.00295401878971602,0.00241889124093982,0.00198070332384686,0.00162189419296621,0.00132808419186575,0.00108749857317054,0.000890495613073,40.8365852976231
1.70217431090074,0.470482205735752,0.340018314720225,0.823814910919825,6.45584242888959,9.26292945470428,0.103666050756183,0.218650567821693,22.7865060251113,2.2597675684318,11.6745720804662,0.0480028943687298,2.21026365047959,2.08249582885084,3.08643398755493,3.75883825468726,3.76478650920797,3.10268064722255,0.0234296038924969,0.0168747227973455,0.0132810256907357,0.0104600138659139,0.00823821086009467,0.00648833921688616,0.00511015638083582,0.00402471223585751,0.0031698263955695,0.00249652615869776,0.00196624107546513,0.00154859341384302,0.0012196579510631,0.000960591401393179,0.000756552966039482,0.000595854168164389,0.00046928927075345,0.000369607919875258,0.000291099803358341,0.000229267531777741,0.000180569002524225,0.00014221448811262,0.00011200682479492,8.82155465813542e-05,6.94777543502489e-05,3.76478650920797
2.73119426465128,0.491772699628118,0.715741668237234,0.623235371987754,2.81722157226223,3.03156443945365,0.160109221637449,0.224435186281567,22.1821041501337,2.44614727520756,10.0001919011167,0.0360682806946097,1.71563209081726,3.69780872194766,5.20450951251435,6.18936868540201,6.23406943780986,5.32900818900493,0.180456940666361,0.139120235730394,0.107918836558452,0.0839145220504523,0.0652494712011763,0.0507360750916664,0.0394508839431144,0.0306758502915573,0.0238526414887652,0.0185471144429255,0.0144216922189106,0.0112138848928227,0.00871958799845913,0.00678009588911781,0.00527200370863337,0.00409935546021642,0.00318753857507452,0.00247853650804262,0.0019272372951764,0.00149856319641377,0.00116523878988174,0.000906055507498191,0.000704522188753496,0.000547815790906936,0.000425965492013917,6.23406943780986
1.55136644226639,0.66960451479028,0.692317910776241,0.177151255224599,0.606693001449574,4.44890672219405,0.134034044388901,0.296787057318608,13.4431245778431,2.7102489637658,11.362145194798,0.00916992749274013,1.88547906815181,11.1353716604499,14.6330108614064,16.7794586999567,16.7933368829798,14.6722861143199,0.058645529672134,0.0471412985327168,0.0380212722035657,0.0306839159716097,0.0247625248942445,0.019983845598633,0.0161273572309593,0.0130150951162657,0.0105034382546113,0.0084764816686248,0.0068406877573625,0.00552056983346494,0.00445520865257476,0.00359544118392547,0.0029015918928055,0.00234164184079432,0.00188975111357095,0.00152506639103792,0.00123075863290711,0.000993246472007057,0.000801569477375412,0.000646882365221607,0.000522046817207773,0.000421302069756347,0.000339999073129758,16.7933368829798
6.64134733153088,0.611056047091493,0.479978391520074,0.664845393657545,0.928554900313728,1.61095294480957,0.122507712392979,0.145387541315751,11.2949840507354,2.29802883626707,19.6764258737373,0.0538657962231228,2.27933858938359,2.58660180071438,3.98228494810563,4.97883245948776,5.167309625284,4.49531760104631,0.729283600285324,0.442474368557385,0.282732836467825,0.180689075263035,0.115474928699255,0.0737978162248469,0.0471627715289798,0.0301408243777513,0.0192624238296169,0.0123102463005459,0.00786724273749649,0.00502780421932254,0.00321317342190144,0.00205347761942469,0.00131233823382607,0.000838690241212159,0.000535990876876595,0.00034254150814841,0.000218911720074939,0.000139902289350067,8.94088747700494e-05,5.71395001787289e-05,3.65167606616993e-05,2.3337162645205e-05,1.49143338643917e-05,5.167309625284
1.40052209946187,0.548149193935888,0.8013375671471,0.296150176649913,6.38689414801076,2.54709490795527,0.0872418592570489,0.178459841467091,15.1618442044547,4.24353894251958,13.4651598950975,0.0366487595582935,2.11383532800494,7.80631064177355,8.7368296690891,9.24751151657878,9.25849500524662,8.76922677793429,0.0522117406730495,0.0421384083796937,0.0339604749368404,0.0273782324463821,0.0220717646995285,0.0177938001624254,0.0143449936391853,0.0115646371561935,0.00932317126924884,0.00751614783427914,0.00605936291796684,0.00488493305096777,0.00393813198441739,0.00317484054845314,0.00255949078090474,0.00206340852636773,0.00166347727385904,0.00134106097037254,0.00108113561544748,0.000871589170673069,0.00070265716121103,0.000566467669418081,0.000456674518114823,0.000368161550525323,0.000296804226880698,9.25849500524662
2.00334759161994,0.151450288524665,0.798160490741627,0.988883152199304,6.16593965813005,2.00373661220819,0.113790862422204,0.0975900400192477,13.6148177456507,2.87380442165397,14.5705788515157,0.0144763625400873,2.08961623745596,2.54205629981597,3.27582664515282,3.73262009936198,3.7703617571262,3.38341632379308,0.162413551534362,0.128889006888876,0.102048641038996,0.0808552956013381,0.0640633599842996,0.0507587544137312,0.0402172341610701,0.0318649648173549,0.0252472852495212,0.0200039578303093,0.0158495586722293,0.0125579403953667,0.00994992164986101,0.00788353326433338,0.00624629006307038,0.00494906766341957,0.00392125093292019,0.0031068900093198,0.00246165463397878,0.00195042100583162,0.0015453597947816,0.00122442123428116,0.000970134828162099,0.000768658332984034,0.000609024246645387,3.7703617571262
2.50361589390086,0.603238770420523,0.896325994972093,0.583847924716957,1.38550017426349,1.07818017454771,0.120458411082788,0.209483499423717,17.3049214731832,1.69967655718699,12.5689739869945,0.108819613809615,1.73700845196791,5.22226263303779,10.497120794497,14.9240244847041,15.0628821719127,10.857101431591,0.458525095995574,0.365125189565558,0.290226168374423,0.230964733869211,0.183803922956352,0.146272902915453,0.116405361665726,0.0926364894279885,0.073720995757781,0.0586678667237643,0.0466884440523037,0.037155106018918,0.0295683853103035,0.0235308011074812,0.0187260344096948,0.0149023555599035,0.0118594357126039,0.00943785127499035,0.00751073144181452,0.00597711122451604,0.0047566417288377,0.00378538054365182,0.00301244169250604,0.00239732963333476,0.00190781763018408,15.0628821719127
2.32603817705996,0.887297590862261,0.423586800805386,0.331323929521348,1.76171574391052,3.05749068722269,0.0304087511697039,0.264973102541058,13.6759608250973,3.0397419246193,11.2820028724536,0.0392706243074485,1.72626455397578,2.69673427975364,3.58281681418214,4.15781676001587,4.32141434820166,4.05169539439291,0.751286584603285,0.499476384469567,0.359275160748813,0.258441792887491,0.185908096589514,0.133731545473065,0.0961987486435429,0.0691998227332776,0.0497783550601172,0.0358076731213874,0.0257579715685582,0.0185287968050153,0.013328546082437,0.00958778611159266,0.00689689947823562,0.00496123107663192,0.00356882304481607,0.00256720514091651,0.00184669908056969,0.00132840864168414,0.000955580439638083,0.000687389367980687,0.000494468203422846,0.000355691861964563,0.00025586417851439,4.32141434820166
1.7617989536263,0.705167123334343,0.849722767370893,0.367038253037864,4.0514579616515,3.39723869891372,0.0763610232350044,0.187401818784303,11.2640938047064,2.62171217904054,12.1737398591915,0.0507418588337415,2.22136570552326,3.38094990978491,4.53530119628683,5.25774214560203,5.27148249259179,4.57398856702384,0.0570276592336473,0.0448890830130444,0.0351918013145984,0.0276081790085603,0.0216587818670349,0.0169914441592961,0.0133298897597699,0.0104573783924307,0.00820387601197705,0.00643598989098538,0.00504907263547054,0.00396102773777892,0.00310744999571421,0.00243781314222241,0.00191247901803354,0.00150035124967963,0.00117703454583748,0.000923390654282323,0.000724405501462354,0.000568300456708382,0.000445835113680212,0.000349760318232837,0.000274389065501235,0.000215259866090793,0.000168872654836853,5.27148249259179
1.12483843388455,0.715939621982304,0.437725709240604,0.627915223758994,1.21988022616552,6.12560270000203,0.128402735048975,0.139776257336489,20.5081629908131,2.06401262007281,13.3898366966276,0.12509418734343,2.32545664118506,2.94820464009142,4.71945721787504,5.97325161200679,5.98025154406996,4.73835340337642,0.0260633189131653,0.0202909338310002,0.0162411442432612,0.0130006872510733,0.0104067710050898,0.00833039674448258,0.00666830373095988,0.00533783396064358,0.00427282147618955,0.00342030184940136,0.00273787819271368,0.00219161270793946,0.00175433891631295,0.0014043106348766,0.00112412051108808,0.000899834332992805,0.000720298063104377,0.000576583133904566,0.000461542418801404,0.000369454796415217,0.000295740631919903,0.000236734025967454,0.000189500504840877,0.000151691085335787,0.000121425456832959,5.98025154406996
2.21458433168195,0.611493775510835,0.125220611940604,0.29953332433966,5.94446098844567,7.37124730546819,0.124659145726119,0.179248287681257,16.2217800132185,1.33244448925927,15.4425853473994,0.0325970756768553,1.91503300523381,1.37669667267357,4.24898755592048,7.46650738813527,7.47387906297272,4.26536381149196,0.016013435039908,0.00918886379656863,0.00647584471823633,0.00507834854886717,0.0042633301491604,0.00365857913056437,0.00313976053876452,0.00269451497124345,0.00231240912821704,0.00198448924326956,0.00170307127255173,0.00146156083699007,0.00125429869827025,0.00107642814767972,0.000923781200375359,0.000792780928300976,0.000680357643154386,0.000583876965343626,0.000501078093395504,0.000430020827304088,0.000369040104432037,0.000316706982620001,0.000271795156232723,0.000233252220524021,0.000200175010965977,7.47387906297272
2.1867237643362,0.271843671017746,0.687679279494891,0.153163082764018,6.78186681524618,1.80690995009057,0.119050333161866,0.129235970617388,22.3008262166218,3.61595552547276,10.9491354691263,0.104405829862626,2.28915746510611,7.65190396100309,8.92228843131369,9.63644514520441,9.64124135406366,8.93629973793108,0.0221116063812279,0.0174026511035438,0.0136380241337064,0.0107008153655799,0.00839619056061808,0.00658791068921427,0.00516907839760467,0.00405581871720391,0.00318232075459424,0.00249694724820017,0.00195918200618003,0.00153723477182249,0.00120616192688891,0.00094639193735616,0.000742568372559161,0.000582642102241042,0.000457159006293154,0.00035870108979607,0.000281447964602464,0.000220832774229645,0.000173272221893113,0.000135954742155022,0.000106674293851062,8.36999488818119e-05,6.56735675476008e-05,9.64124135406366
1.63724310307205,0.827620644462015,0.587017187996348,0.261876415080996,0.788546352396253,3.9982697320194,0.126615258425255,0.21642521620926,21.9200283097988,3.51451383043453,11.0651092279812,0.036025899046591,1.5596197184933,10.5104724093777,12.3697672245544,13.4233243672445,13.4338116766342,12.400269427177,0.0482605127437044,0.0390909428557622,0.0320607104380095,0.0263139398810178,0.0215972579122805,0.0177260247396874,0.0145486966145522,0.0119408934767185,0.00980052995810769,0.00804381913690447,0.00660199260486972,0.00541860845115016,0.00444734178060398,0.00365017127401182,0.0029958908010465,0.00245888782142827,0.00201814075341353,0.00165639606048506,0.00135949284238457,0.00111580849084688,0.000915803709611711,0.000751649088009701,0.000616918609933549,0.000506338100256666,0.000415578761352465,13.4338116766342
3.60812334383512,0.84367106140065,0.942342242221348,0.168205653862096,0.312432068199385,3.78664754259633,0.0695070783732226,0.241790236389381,19.2971434185514,1.29959343760833,14.5185560689618,0.0696876844735049,2.18351026886002,0.57960341338898,1.97837477224206,3.75472061969432,4.13925374666026,2.86302201184002,0.915235367769255,0.606162874500589,0.403021422913308,0.267958645905423,0.178158856832816,0.118453271626075,0.0787565536081529,0.0523632201212127,0.0348149670833072,0.0231475820281135,0.0153902358277704,0.0102325745534344,0.00680337735973152,0.00452339176784994,0.00300748760557496,0.00199960166217714,0.0013294840517332,0.000883939975268214,0.000587709103286113,0.000390752765741701,0.000259801529498145,0.000172735398560803,0.000114847352801865,7.63590703216595e-05,5.07691947429381e-05,4.13925374666026
1.35230958417617,0.747013976516854,0.77302532271496,0.516642467915406,1.85410680559184,4.28334772110078,0.0920829281469341,0.285174544084468,11.3507943049073,3.85052124511823,18.9164878553831,0.0795154304135915,2.33920991948717,6.41800228705347,7.36965431817275,7.90642813422798,7.92856644989073,7.43445603746562,0.102842213233038,0.0854301303876284,0.070811825039259,0.0587034964349003,0.0486656076406986,0.0403441278777118,0.033445563163008,0.0277266049394205,0.0229855487174743,0.0190551800697467,0.0157968770706108,0.0130957211776851,0.0108564441184856,0.00900006783121142,0.00746111895224359,0.00618531960686763,0.00512767305869014,0.00425087669966486,0.00352400640776658,0.0029214258703283,0.00242188240549637,0.00200775739190482,0.00166444486965929,0.00137983639622289,0.0011438939883486,7.92856644989073
2.46471267022193,0.464211003230931,0.243229197703721,0.290616064245347,5.02823573236214,5.06448445659364,0.0971206163423462,0.20833450690913,17.0252805588627,4.27920792851411,12.3841880398437,0.00832988550459487,1.92972630692706,4.65016722215395,5.19443662520428,5.49015446571036,5.49394089631281,5.2057718930658,0.0209158818621804,0.0142471655344546,0.0116315014987404,0.00968493445704761,0.00806820978466177,0.00672136806094583,0.00559935720766559,0.00466464577668497,0.00388596751644212,0.00323727551067674,0.00269687090478372,0.00224667707554742,0.00187163496511354,0.00155919935301863,0.00129891921649715,0.00108208814204486,0.000901453094451682,0.000750971801576851,0.000625610639349768,0.000521176256213316,0.000434175304823471,0.000361697589004283,0.000301318717204753,0.000251019006203265,0.000209115922368958,5.49394089631281
2.74901142377267,0.820205242000567,0.177041429366032,0.108472094622673,6.60192651023529,5.23606012138259,0.109865473590456,0.112593150209752,13.9730813881336,1.92773995407112,10.4553877490634,0.023686635501289,1.53209728215625,1.96688768506784,3.37113560743844,4.41379180844255,4.41610556969038,3.37717998097328,0.00806961826413869,0.00495798774762326,0.00386588867932929,0.00324357333289133,0.00275331321849869,0.00233820459366913,0.00198568062919457,0.00168630562604928,0.00143206647767869,0.00121615818912715,0.00103280173374247,0.000877089371068586,0.000744853285687196,0.000632554030979862,0.000537185791883412,0.000456195930890546,0.000387416663853713,0.000329007036819797,0.000279403650839872,0.000237278815849217,0.000201505013558571,0.000171124718167181,0.000145324767114473,0.000123414595875258,0.000104807754228587,4.41610556969038
1.15710482639074,0.22902875858359,0.350574115490308,0.957010948883044,3.85335990210995,1.34373742541485,0.144719360243659,0.211808154904866,15.0452394175762,4.45670454098843,11.4457034850407,0.0090985342069698,2.14735477190024,33.7919670072357,37.4968600323853,39.5154131147178,39.5897060206829,37.7168742592547,0.38246158635448,0.2747301728121,0.215070769610128,0.168397206143684,0.131852501801415,0.103238543141024,0.0808342401112251,0.0632920048613355,0.0495566961952694,0.0388021542874284,0.0303815083114664,0.0237882680544568,0.0186258592308617,0.0145837700875783,0.0114188745512993,0.00894080853135161,0.00700051978285313,0.00548130262025991,0.00429177823173138,0.003360398369956,0.00263114182399401,0.00206014482088181,0.00161306268035351,0.00126300402980467,0.00098891332539789,39.5897060206829
